商品评论,情感分析结果,评价倾向
0,0.034482758620689724,不喜欢
是正品，一直用这个牌效果很好还那股淡的清香味去细纹黑眼圈,0.9966854232655022,喜欢
雅诗兰黛明星产品，现在比老款簿很细腻抗蓝光保水润已用。质地轻盈迅速渗透直达肌底有一丝凉感觉爱了买眼部精华液和霜要坚持才效果?是正,0.999978112951352,喜欢
一直使用此品牌的眼霜，抗皱效果很好吸收快这次优惠力度大真是物美价廉非常满意！,0.9716982748000641,喜欢
这是买过最实惠的一款眼霜了，性价比极高简直不要太完美特别适合袋部暗沉女生用起来非常好以前在京东自营店从后发现毫无区杠滴谁知道啊,0.5089380046470433,一般
一直听别人说这个眼霜好用，次终于下单了包装很精致小巧可爱相信不会错的东西心情,0.975111622168081,喜欢
这是我买过有史以来最划算的一次雅诗兰黛眼霜 里81七夕还活动真超款面没添加香精酒成分很喜欢太棒了为假么便宜结果外都验放在水也直浮起沉底相信京东后会回购用段时间再追效?,0.9998846175247709,喜欢
一直青睐于雅诗兰黛的这款防蓝光眼霜，用了好几年对止周细纹很有效果吸收充分睛围皱女人来说重要哦。,0.9996934960030277,喜欢
雅诗兰黛眼霜，真的超级好用没使之前角处经常很干因为工作性质原熬夜上班袋重自从了这款已改善许多也不那么每天早晚手轻涂抹薄一层就还有抗蓝光对于我们种三十以人群。非适合哈&helip;,0.3548242435037653,不喜欢
验过了正品，集美们放心入吧。刚开始看价格比旗舰店便宜一大半真的挺怕是假不收到货特意找人鉴定下用完还会回购,0.015107625561983973,不喜欢
这款就不用说了，很多人过出名眼霜短期之内是看来什么效果的但涂抹上保湿适合各种肤质群对比别家价格也便宜吸收速度快我喜欢一。,0.9996023941318842,喜欢
一直在用雅诗兰黛的眼霜，抹上少许就有很舒服感觉不油腻易涂开使效果也是比较好淡化细纹黑圈这个经常更收到试了下味道和专卖店几乎无差否样还得多京东铺靠谱。,0.15018547163471851,不喜欢
包装很好，试用了一次感觉不错质地细腻温润保湿效果。价格也实惠跟去免税店买差多非常,0.9994108267851328,喜欢
用了几天才来评价的，很好保湿效果以前经常要熬夜都有点黑眼圈感觉镜亮多推开非划算格到手,0.7785612587163311,喜欢
京东商城618做活动时买的，一下了两瓶眼霜可以用很长间效果好应该是正品还没和之前样。,0.5416545816420639,一般
每天早晚都坚持在用它，感觉挺好的至少我这个年龄还没有眼袋已经很了！朋友推荐买,0.8405879433142088,喜欢
回购第二次啦，使用效果挺好的滋润不油腻很吸收刺激皮肤淡化干纹非常错,0.5638870041205335,一般
一次很好的购物体验，服务周到流快速配送也态度有所值啊果断评！?大品牌得信赖效超级贵道理棒商眼霜细腻吸收。,0.9999966468877541,喜欢
宝贝收到了，很惊喜质量非常好满意的一次购物。我会继续回店家值得信赖各种对比是正品,0.9999922462553588,喜欢
应该是正品，价格很划算刚开始用期待效果。物流挺快的,0.9987203098740256,喜欢
其他特色：速度还是挺快的，比较好闻试了下很丝滑无腻l感接来就看效果。,0.9998975351483271,喜欢
用后感觉很清爽，而且不过敏上非常错查了是正品&helip;,0.34835569928015775,不喜欢
一直相信雅诗兰黛的眼霜，虽说以前没用过但这个品牌就值得我赖。身边朋友都很好极力推荐购买使次遇到活动果断下手了物流快单第三天收包装小巧精爱?,0.9999562289031546,喜欢
很精致，质量非常好满意的一次购物。谢店家！整体来说还是值得再回发货快服务态度应该正品愉宝贝做工真细节棒爱了材结实手感劲流也性价比高买级包装不错而且格合理惠喜欢这个太?美较商特别有问题都及时处确相当网会到就迫待打开果没让我失望颜,0.9999999988001891,喜欢
一直在京东自营购物平台，买西十分方便的。大实话啊上真是吃穿用度全都可以解决得妥6.18就要到了时不还有着位力促销,0.2893405120008973,不喜欢
买了一直在使用的雅诗兰黛小棕瓶眼霜，特别舒服！不油腻且滋润三价格还是比较实惠发货也迅速没几天就收到。挺满意,0.9617809895410643,喜欢
强烈推荐给大家线上购买。十分感谢京东货物平台，快递小哥！,0.2876641557099695,不喜欢
味道不错，价格也实惠很赞啊快递哈来个图片期待效果第一次用好了还买,0.9991358059916657,喜欢
"""应该是正品！god!眼霜质量非常好,与卖家描述的完全一致 真很喜欢超出期望值发货速度快包装仔细、严实物流公司服务态运送满意次购我会再光顾赞，迅网上这么激烈没想到店商热情下还来希有机合作祝你生兴隆乎料。找人蛮东不错淘心宝贝件让开事hapy""",0.9999980206737971,喜欢
3、回购，这个眼部精肌底华用上了离不开凉,0.06184916556659148,不喜欢
这款眼霜用了很多年，滋润效果真的好。次是促销吧价格实惠希望正品,0.999419355538839,喜欢
效果很好，淡化细纹黑眼圈适合40左右的爱美人士哟,0.8797494211804199,喜欢
眼霜收到了 已经用一段时间效果很好滋润防蓝光,0.951519734385179,喜欢
很好用，给妈买的起来效果非常喜欢已经是多次购了。,0.836751737078319,喜欢
雅诗兰黛 的眼霜，我一直觉得很好用第次在京东买应该是正品,0.9969811095509453,喜欢
雅诗兰黛抗蓝光眼霜已收到，是正品！这款产适合3560岁人群只要一点轻涂在晴周围然后缓推开很快就吸了滋润不油腻经用两瓶淡化皱纹的效果非常好皮肤越来大睛也显得更漂亮啦,0.9999653129607622,喜欢
雅诗兰黛眼霜每一次都很满意，这选的宝贝更加以后还会如既往地买下去?是正品跟商店里样在网购方便快捷质放心光顾！.^,0.9993231867139128,喜欢
不错，是正品价格便宜配送非常快已回购多次好请大家放心在他买,0.9753487000995644,喜欢
包装很好，颜值不错质量也没有问题双1买的快到了是全新正品?仔细宝贝收物流描述相符比较满意评推荐,0.9965286232497413,喜欢
很好用，滋润且清爽修护细纹挺的,0.9098140757312327,喜欢
使用后，感觉音质不错按键灵活手舒服。送的教材水平很高也特适新学习老公爱释天抱着练选择罗林斯悔,0.9998053825299374,喜欢
包装很好，是正品希望有效果眼睛细纹点多！,0.9499254001976974,喜欢
我用了好多年非常?细纹黑眼圈袋都会被去除放心购,0.444396917789845,一般
一直用这个品牌的，淡化细纹效果特别好值得信赖！,0.9981785492405794,喜欢
材质很好，量也不错到货快跟我在实体店买的一模样！还是用开心?仪已久果断下手过之后感觉正品递给力然名副其,0.9991787535114048,喜欢
适合人群：都可以用,0.7844385354104987,喜欢
使用方式：涂抹在眼周就好啦,0.41216623135005925,一般
淡纹能力：用了几天，没什么感觉,0.4506619352726776,一般
抗皱能力：坚持用吧,0.48529819875076685,一般
吸收程度：很好，果冻质地用上冰凉的。,0.7182876923279349,喜欢
适合人群：混型皮肤,0.7568120628751817,喜欢
使用方式：点3d在眼部周围,0.5427999374931549,一般
淡纹能力：现在刚开始使用，起来很清爽没有油腻的感觉,0.25743807571938404,不喜欢
抗皱能力：用过之后眼部感觉很舒服，,0.7791151440670739,喜欢
吸收程度：用完之后很好,0.8840694731963715,喜欢
其他特色：包装很精美,0.9135855700306511,喜欢
适合人群：30以上,0.7476574246817841,喜欢
使用方式：涂抹上后均匀按摩眼部,0.4484031135152061,一般
淡纹能力：四颗星,0.5195468775957557,一般
抗皱能力：五颗星,0.2795193621923918,不喜欢
吸收程度：?终于对它下手了，官方购买实在贵一半过海淘确认便宜不少这个价格能到正品真的再划算年纪上来总觉其他牌抗皱淡纹达效果还是值得拥有尝试想经济力就网好搜千差万别关键重要,0.9989781515314128,喜欢
使用方式：直接,0.6774193548387097,喜欢
淡纹能力：效果很好满意,0.962416190859356,喜欢
吸收程度：挺不错的，很喜欢,0.986719364416472,喜欢
适合人群：敏感肌,0.9143092588509999,喜欢
小县城的天气很热、街道窄办事慢闲话多&helip;但是空蓝，生活安逸,0.9292504781938644,喜欢
很好用，眼镜肿胀涂了会有缓解感觉,0.7680209688366533,喜欢
适合人群：这个～应该是所有爱美的女孩子吧，哈。,0.8442416705368051,喜欢
使用方式：直接涂抹在眼部周围,0.2900994299244096,不喜欢
淡纹能力：给女朋友买的，据说还不错,0.9709516776955146,喜欢
抗皱能力：应该还是有一定的效果，毕竟也不我用。女朋友起来很好～喜欢,0.9592378016502274,喜欢
吸收程度：很好，比较滋养皮肤。,0.9242123573426865,喜欢
其他特色：雅诗兰黛经典款的小棕瓶眼霜，用过都说不错。,0.9965441997839867,喜欢
包装好，一如既往爱用这款眼霜很滋润不错,0.997335661571776,喜欢
第一次购买的这款眼霜，真怕不是正品；但来了验之后、用尾纹以前少我经常熬夜人 黑圈自然有明显改善心错.做活动时所比较便宜好,0.9995370089458762,喜欢
一如既往的好，特别滋润虽然没有中文说明（这个商家交待）货是真品在京东平台信誉度还比较,0.1877294098663157,不喜欢
很快就收到了，非常完美方便！,0.9424505827088117,喜欢
用了好几瓶，刚完就补充易吸收很滋润大品牌值得信赖。,0.9954512679755383,喜欢
非常值得信赖的品牌，质量有保障价格还亲民相当满意宝贝做工真精细节棒爱了很致好一次购物。谢店家！,0.999999979808085,喜欢
特别好用的一款眼霜，不起泥而且吸收。长脂肪粒,0.7162523297640043,喜欢
抗皱能力：不奎是雅思兰黛 淡化细纹黑眼圈很有效果自用好几瓶了杠滴～,0.9886807100476893,喜欢
快递很，京东小哥给你直接送货上门呢蛮好的活动618买确实下次还是选择,0.4787505848112247,一般
用着感觉高颜值，品质非常好一分钱货材外观和量看就很上档次喜欢,0.9980675399758775,喜欢
非常快的物流，棒宝贝。包装小巧可爱且上档次这是护肤品精听朋友介绍说不错尝试着用过还保湿效果蛮好价廉美喜欢希望下多点活动,0.9999999926769061,喜欢
?超级好用！还很美观墙裂推荐有需要再回购到货就迫不及待打开了，果真没让我失望质量特别颜值也相当高满意的一次物,0.10862235329070147,不喜欢
本人熬夜，这款眼霜太适合我之前角有脂肪粒用完半瓶以后就不见了次价格很优惠继续回购,0.5214281207564724,一般
到货很神速，下单的第三天就了。,0.4659125358414459,一般
?从没想过这么实惠的价格，能买到好宝贝性比非常高我很喜欢哦终于收货了做工精致漂亮已经被多人夸真太开心是他家忠粉丝以后还会继续物与描述一样质量相当卖态度也有问必答发速杠值得购颜色看感子简单！要下次再来东西可快递给力细节棒爱第在网上评才不错便宜需朋友放,0.9999999912718419,喜欢
很好用的款眼霜，易吸收全天保湿显睛都有神了！,0.6125967147360043,喜欢
?看起来还不错，包装的很仔细价格也非常公道会继续买！双十一货收到后就拆开用了质量好东西和官网没区别终于对它下手颜值是真话说材物美廉趁活动赶紧囤推荐啊快递速度特爱,0.9273195537813786,喜欢
眼霜感觉很好，非常不错。,0.9510632048175409,喜欢
看起来很不错，物流快过几天用,0.9686405241588182,喜欢
这款蓝光眼霜是买得最便宜的一次，正品确认过了比以前专柜百多遇到搞活动就。很划算,0.988081544643531,喜欢
适合人群：20岁以上,0.766720414153266,喜欢
使用方式：直接涂抹,0.31219580491184595,不喜欢
淡纹能力：有效果,0.7887069086640707,喜欢
抗皱能力：常规淡化黑眼圈,0.8874358270477647,喜欢
收到宝贝，迫不及待使用一下很好,0.9661851276631441,喜欢
物流很快！刚收到货，用后来评价,0.4789937203725657,一般
淡纹能力：挺明显的,0.8609368639148158,喜欢
使用方式：腹轻 按摩,0.5334995508768284,一般
抗皱能力：去明显,0.4722299096389718,一般
吸收程度：很快,0.8978399758914632,喜欢
东西还不错，好评物流也很快满意。,0.9808669584191708,喜欢
一直用这款眼霜，保湿非常舒服。,0.8267805119895448,喜欢
物流非常给力 特别快而且包装完好无损，宝贝正品疑一如既往地强烈推荐雅诗兰黛的眼霜效果也很还会继续购买,0.999950830192174,喜欢
一直在用雅诗兰黛小棕瓶，吸收好皮肤感觉很舒服完再买。,0.9904502802870905,喜欢
价格优惠，物流很快看外观应该是正品。,0.99801085744787,喜欢
一直在用这款雅诗兰黛的眼霜，保湿效果很棒感觉和专柜买无差别应该是正品。,0.9992268509443392,喜欢
味道好闻，包装大气看上去特别高档性价比真的！,0.9994899153541739,喜欢
一直都用的，确实很不错贵是没得说了,0.9915591175235463,喜欢
送女朋友的，很喜欢精致看了一下是正品放心用。,0.9985558092258383,喜欢
一直都是在用的眼霜，起屯了好几瓶感觉能到明年推荐大家很值得购买,0.9823601158043765,喜欢
很好用，一直在买了多次值得购的性价比不错喜欢可以试。,0.9933467427572069,喜欢
挺好的，价格适中质量看着不错产品客服务态度特别很喜欢评包装物流快实惠比超市便宜多了,0.9998065903652719,喜欢
618战果，物流真的很快东西用了以后再评价咯,0.48648020523765556,一般
过年由于疫情原因，不能回老家就在京东上买了很多的货直接邮寄到真是方便！大品牌着放心一次选择价格实惠足出户送物流牛,0.9592238828579422,喜欢
已经用了两瓶，是正品淡化黑眼圈吸收很快活动力度大才50元太合适,0.8047354347548863,喜欢
质量没得说，跟专卖店一样特别喜欢而且价格优惠实体有区还便宜！五星好评非常想不到那么快就了趁着活动入手划算发货包装错全新验赞家服务态度很应该是正品次愉的购物宝贝棒自己要种风也谢老板颗,0.9999998236301073,喜欢
一直在用的这款雅诗兰黛眼霜，很不错。所以趁活动价入手了2瓶,0.9991562686236153,喜欢
【好评】质量非常，与卖家描述的完全一致满意真很喜欢超出期望值发货速度快包装仔细、严实物流公司服务态运送次购,0.8899155162144197,喜欢
京东物流很快，眼霜收到了一直用这款后滋润满意。,0.9745355536536745,喜欢
非常喜欢、用了一段时间黑眼圈明显有改善希望泪沟也可以得到,0.9897057678006426,喜欢
闻气味和看质地，旗舰店一样的应是正品。客服很耐心,0.2730961172566012,不喜欢
发货快，超划算的一款眼霜是正品很好用。继续期待效果,0.9996033518537544,喜欢
这个价格还是挺划算的！物美廉，值得推荐；质量颇好跟卖家描述完全一致性比高购实体店便宜多了很满意次。服务态度流也快包装结五星评在犹豫朋友赶紧下手良心直此平台放、省暖和给赞,0.9460919116286902,喜欢
快递收到了，小哥很贴心送货上门蛮好的618活动买划算呢一直相信京东这个品牌,0.9934009592611994,喜欢
还没拆包，看上去很漂亮但愿舒适。,0.9534241844188446,喜欢
买了好几次这个眼霜，特别用物流很快相信京东,0.8660727746128648,喜欢
一直在用这个牌子的，很不错相信京东商城快递小哥棒！,0.9724900905761061,喜欢
快递收到了，蛮好的京东很给你呢以后会一直选择雅诗兰黛这个活动确实便宜,0.9955113582743504,喜欢
京东 我一直很满意服务没想到这么好在618付款后今天客打电话给说多了退七十回来还帮解决其他订单问题太感谢,0.000341572966839343,不喜欢
很好，划算！,0.9282197931469751,喜欢
眼纹很严重，用了一段时间感觉挺好的。,0.9831788299668394,喜欢
物流太快了 谢！一直用这款没想到京东上可以买价格也不错,0.9581417486845328,喜欢
物流很快，还没用不知道效果怎么样是正品,0.9416150979158155,喜欢
活动买的。价格很优惠，非常喜欢信赖京东！满意物流快,0.9991779971878471,喜欢
在京东上购买很便宜，暂时还没使用看包装应该是正品好的话会回,0.9594724834044935,喜欢
保税区发过来的，快递很。效果使用以后再追评,0.10026359409739183,不喜欢
?质量很好，买的合我心意棒哒！需要亲们可以放购真喜欢客服态度也挺值后有还会来,0.5856750314245079,一般
很不错！老牌子常用抗皱纹有效果,0.9313568759038515,喜欢
雅诗兰黛眼霜，用着很合适不过敏喜欢,0.9849330509495576,喜欢
物流很快，已经反复购买多次了值得入手,0.9973053595767277,喜欢
吸收程度：很好,0.8112723394330117,喜欢
好货，做活动期间费用实惠发快递耐心服务态度很。,0.3139793838632383,不喜欢
非常好的一次购物体验 卖家发货很快递也及时以后还会经来,0.9898963034247761,喜欢
好宝贝，非常喜欢！下次还是选它当然如果价格更亲民些京东的服务也很不错哦就赞一个,0.9998504663336841,喜欢
东西很好，是正品对眼部细纹有的效果！,0.9597869402850003,喜欢
性价比非常高?，可以放心购买正品保证值得！,0.9996721589932236,喜欢
一直在用的好品牌，防蓝光淡化细纹效果很,0.8339269549842698,喜欢
看起来不错，这款已经用很长时间了,0.9825386041913478,喜欢
这款商品比实体店便宜很多，日期新质量也是杠的,0.7553696900243791,喜欢
非常好，女朋友很满意下次还会继续购买棒,0.9985588632181496,喜欢
每天使用，效果非常好搭配雅诗兰黛眼膜更,0.9888272310677985,喜欢
目前没有用出来效果，但上眼很舒服,0.8666645144033925,喜欢
特别好用的眼霜，很滋润喜欢！,0.9433648460952317,喜欢
大赞的眼霜，干性皮肤细纹处理效果很好,0.7884402129992366,喜欢
非常满意，抗皱能力很强使用方便赞一下。,0.9861672046863765,喜欢
非常的好用，专柜验证是正品服务也很,0.9628141871903089,喜欢
一如既往的雅诗兰黛小棕瓶，老婆非常满意。活动价也不错,0.9998240294292658,喜欢
眼霜很好用，是正品物流也快给个赞,0.9931414808121788,喜欢
东很好，品质不错。物流也快下次一定还买这家的,0.9865269844828868,喜欢
用了之后才来评价的，应该是正品物美廉好！,0.7061501710164891,喜欢
头一次买，希望会很好用！有效果下再,0.7343955970793021,喜欢
趁618囤货，,0.30369559084284714,不喜欢
发货速度很快！,0.9237456544776487,喜欢
京东购物体验就是棒?,0.8455506052113255,喜欢
保湿效果：很滋润，好！,0.8836041467311634,喜欢
发货很迅速，满意,0.8060712300776339,喜欢
淡纹能力：特别强,0.8643184964753613,喜欢
其他特色：淡化黑眼圈挺厉害的,0.8884598262832676,喜欢
很好，巴适物美价廉安逸,0.993149269250841,喜欢
速度快，质量好服务也很！一直相信京东自营,0.830762913335205,喜欢
使用感受：很好,0.8899794160802215,喜欢
适合肤质：很好,0.9451216085327262,喜欢
保湿效果：很好,0.8082831117851146,喜欢
其他特色：很好,0.8950052114268572,喜欢
吸收效果：很好,0.8794225942448934,喜欢
眼霜效果很好，经常使用还会再次购买,0.9946977764771608,喜欢
很好用，喜欢同事也还会再买的,0.854384050606042,喜欢
用了感觉非常的舒服，很合算好评！,0.9430188662605933,喜欢
一次非常满意的购物！,0.8463107097139686,喜欢
抗皱能力：淡纹很好,0.7298791475454286,喜欢
货物已收到！这是第二次买他家的啦非常不错,0.29150781713461493,不喜欢
货已收到，非常满意感谢快递小哥的亲自送上门,0.13335898147119352,不喜欢
发货很快，不错的购物体验下次还会再来买,0.9941205833170875,喜欢
一直使用这个牌子，对细纹很有效果,0.7019402919295473,喜欢
很好用，一直在趁着活动囤个货,0.876016631494024,喜欢
价格实惠，快递非常及时一直用这个品牌。,0.8479660310332209,喜欢
效果很好，吸收也物流快,0.944291238546997,喜欢
一直用这款眼霜。保湿效果很好?,0.9188564866343024,喜欢
价格便宜的，超市很实惠。还是喜欢京东购物,0.9979883143211953,喜欢
一直用这个，比实体店便宜很多下次还会来。,0.7805590000906762,喜欢
很好用，已经无数次回购值得推荐,0.7166840066352099,喜欢
非常喜欢这款眼霜的 效果也不错哦,0.9815987597086564,喜欢
东西挺好和之前用的一样很滋润,0.9421279704047727,喜欢
一直用的产品，不错很好,0.9533584498506111,喜欢
三八节送老妈的礼物，很喜欢,0.896429310492957,喜欢
一直在京东上购买，快递又服务态度很好。,0.5295708054357934,一般
很好用，不错的一款商品值得拥有哦,0.9973808858775063,喜欢
很好，喜欢信赖京东一如既往的。,0.9992434374763507,喜欢
好用推荐不错，五十元税费太多了,0.9086648850409578,喜欢
非常不错，媳妇一直用这次搞活动买了两瓶。,0.147300481284395,不喜欢
一直使用这个牌子的眼霜，很好,0.7256754461332413,喜欢
用的很好，对细纹有帮助,0.7609438730299719,喜欢
非常好，正品一直都买它抗蓝光,0.9620558013041313,喜欢
非常的好用，最值得信赖品牌,0.9973646243408771,喜欢
一直用这个，不油腻很好推开的,0.32950560647993776,不喜欢
商品不错，物流也很快下次还会再来购买！,0.9748125254859763,喜欢
物流超级快，滋润效果挺好的。,0.9884381913656534,喜欢
挺好的，感觉非常不错,0.9671909920359527,喜欢
收到货还没拆，是正品速度快非常棒,0.9846649595598129,喜欢
买了两盒，效果不错。发货超快,0.990152295242811,喜欢
比较好用，可以效果很,0.8437680784723763,喜欢
挺好的，正品非常划算用值得推荐,0.9975403732817885,喜欢
一直在他家买，发货速度东西也很好！,0.9116469539561078,喜欢
一直用雅诗兰黛眼霜，很好。,0.9858525990463671,喜欢
我一直用这个牌子，次买的很开心,0.7701134133706252,喜欢
东西非常好，很实用下次还买,0.8491049706829472,喜欢
轻薄，很容易吸收不错。,0.989218716042458,喜欢
给老婆买的，很喜欢好评6,0.7543229567480967,喜欢
一直使用的眼霜，活动时购买很划算。,0.9348445242727932,喜欢
不错物流很快！下次还来他家买东西,0.9803351876679938,喜欢
超级喜欢，抢购的下次有优惠一定要再买！,0.8905709100434306,喜欢
质量很好，一直在用没的说。,0.4735737035557128,一般
京东一如既往的让我满意，快递特别,0.8591326347142241,喜欢
跟我以前买的一个味道 很好用,0.6723368719366861,喜欢
全五星好评，价廉物美多次购买了。,0.778987822222637,喜欢
组合包装，很漂亮应该不错吧,0.9881874406704185,喜欢
东西不错，值得肯定和购买物流很快~,0.9939060033807314,喜欢
东西不错，价格实惠非常蛮好的,0.9947530880035866,喜欢
用起来很方便，下次还会再,0.678143858141303,喜欢
非常满意，很好！必须给五分,0.8541312820894922,喜欢
这款价格很好，重点是正品啊不错,0.9981083184963497,喜欢
质量很好，一直买这个品牌的眼霜。,0.8571844749464578,喜欢
一直都喜欢用他就眼霜非常好,0.7990097713793192,喜欢
给媳妇买的，很喜欢价格还可以,0.4635469731887125,一般
非常滋润，很好用的一款产品,0.8975391783015246,喜欢
已经买过很多次了，一如既往的喜欢,0.9440716076722847,喜欢
多年使用，抗皱效果很好。,0.6730100026574586,喜欢
非常不错的(*?&acute;╰╯`)，应该是正品,0.9679259341362543,喜欢
一直使用这款产品，京东价廉物美！,0.9264915870879251,喜欢
非常好，发货速度快包装精美,0.9597458679339579,喜欢
给媳妇买的生日礼物，很好,0.616621628550212,喜欢
使用感受：很舒服，保湿效果好,0.9518511943198396,喜欢
替朋友买的，物流很快优惠力度不小,0.62317801075888,喜欢
质量很好，包装严实送货及时。,0.8907465254160901,喜欢
一直在用的眼霜 很不错,0.7367904446709529,喜欢
赶上三八节活动，很值是正品。,0.9829848107104325,喜欢
买给妈的礼物，很不错,0.959990978007188,喜欢
送给媳妇儿的七夕礼物?，她很喜欢,0.9250489798773828,喜欢
很好，到货超快东西保真,0.9775497358863781,喜欢
产品好用，物流特别快。,0.8640819948174453,喜欢
用了都说好，家属很满意。,0.8139168233217616,喜欢
一直再用，是正品包装也很好,0.90285594010355,喜欢
在2.14号当天送给老婆，她很开心,0.7634955146352921,喜欢
正品，物流很快价格实惠。,0.9968693731204471,喜欢
老婆第二次购买，很好用,0.8492398419810259,喜欢
很好，不错可以,0.9518123289584978,喜欢
很好！满意喜欢,0.9410578704239463,喜欢
关键不贵还包邮，很划算值得,0.8113294617738287,喜欢
包装精美，看着很不错,0.9691495727092557,喜欢
发货速度很快，价格实惠满意。,0.9952249920708498,喜欢
质量非常好，已多次购买。,0.713227836633363,喜欢
挺好的，质量不错物流很快。,0.9938070127455925,喜欢
很好的东，一直在购买它。,0.8361815272479857,喜欢
效果很好的，下次还光顾,0.9003754641512028,喜欢
一直用这个眼霜很是喜欢的,0.9608198868569405,喜欢
"""发货物流很快,包装好.""",0.847614662477405,喜欢
有活动便宜很多！实惠,0.9720720585044048,喜欢
看着很好。应该是正品,0.9607710384004404,喜欢
给对象买的，应该很好,0.9337496825410084,喜欢
是正品，好吸收。很满意,0.9823276232811408,喜欢
正宗好用，物美价廉。,0.900620917546267,喜欢
东西不错，物流信息也很好,0.9482802286491228,喜欢
东西收到了，很好是正品。,0.9123123365971478,喜欢
一如既往的物美价廉。,0.9540224909512628,喜欢
老婆很喜欢应该是正品,0.9771140851271091,喜欢
很好，不错的坚持用,0.9518123289584978,喜欢
包邮产品非常好的服务。,0.2672038650229329,不喜欢
物流很快，618优惠大,0.8787423002806392,喜欢
雅诗兰黛眼霜，真的超级好用没使之前角处经常很干因为工作性质原熬夜上班袋重自从了这款已改善许多也不那么每天早晚手轻涂抹薄一层就还有抗蓝光非适合哈&helip;,0.23169315952111602,不喜欢
买下来才209很划算！,0.7828706870017792,喜欢
很好，是正品！,0.9502455588345124,喜欢
原来给老婆在京东自营上买过这款眼霜，感觉不错次赶行云全球汇美妆海外店搞活动一了两瓶包装略有小同味道是样的图片左边超市右应该正品吧。,0.4590362298879809,一般
3瓶包装横着放的，打开有点粘盖子一下应该会好些第次买才知道色带红期待用效果京东西是可以评如起不后还再反馈,0.0005816668348608278,不喜欢
这款雅诗兰黛的眼霜用了几个月，感觉效果不错黑圈没有以前明显所继续购买两瓶后打算一直使保持要！,0.9955285609306197,喜欢
买的最便宜一次雅诗兰黛小棕瓶眼霜，和在旗舰店样应该是正品挺滋润直用这个牌子。感觉效果不错,0.9982533938221153,喜欢
本人长期使用，感觉抗皱能力不错易吸收可淡纹适合熟龄群。应该是正品好评！,0.9357879031522743,喜欢
一直用雅诗兰黛的面精和眼，吸收好滋润度高有缓解假性干纹效果。是正品满意！发货快物流包装完推荐购买评,0.9999960057794148,喜欢
给老婆买的，化妆品是正从香港发货速度也比较快价格商场优惠很多。,0.996958053509937,喜欢
还是比较好用的。以前没过这种稠期待效果,0.7581594652087364,喜欢
刚收到货！迫不及待的就打开看了。以前也买这个牌子，觉得眼霜是最好用,0.459908705172305,一般
还可以啦，外观看不出问题相信商家是正品价格适中值得购买推荐。,0.9961703179748862,喜欢
收到了，朋友介绍的希望用过有效果好还会回购,0.57507940995777,一般
第一次使用，感觉效果不错,0.9020610059010479,喜欢
已空瓶，正准备第二次回购。,0.06267089374964663,不喜欢
货已收到：一直用这个品牌,0.3638163446868006,不喜欢
润的，好用是真货两瓶比考拉海购便宜10元了。,0.14682333254126256,不喜欢
雅诗兰黛的眼霜个人感觉用起来比较适合，之前袋好重现在改善了不少黑圈也以多打算后一直坚持下去希望保状态！,0.9401737602892237,喜欢
老婆一直使用这个牌子，本次叠加优惠券购买性价比还是不错。,0.9852619556008958,喜欢
送给老婆的 她喜欢我懂了哈,0.8798842160289619,喜欢
京东国际，原装进口正品保证无限回购,0.9905157991750088,喜欢
一直用的兰蔻小黑瓶，没过棕这次赶上活动就囤货了给老妈下之前听同事说买自己会长脂肪粒但是年纪大人特别好滋润度高。因为办法辨真伪看着感觉像正品试还有些油可能不适合轻点福利吧,0.9508623854835558,喜欢
眼霜第三次购买了，是我比较喜欢的不油腻易吸收抗蓝光知道但蛮好用评,0.11899779471531524,不喜欢
好用，不油腻易吸收喜欢它含酒精满意,0.2236895192452314,不喜欢
用雅诗兰黛眼霜好几年了 应该是正品618活动价格实惠,0.9973717624691895,喜欢
回购，不错坚持使用有效果！,0.7279804388246653,喜欢
已经使用，保湿性效果挺好趁着618又下手了一瓶,0.6139445754361993,喜欢
保湿效果：聚会的天然味道，用起来量自己调节滑而一就嫩,0.795884219685775,喜欢
一直用雅诗兰黛眼霜，至少不长脂肪粒过干蛮滋润效果需要时间。,0.9631689986110008,喜欢
用了一段时间才来评价 ，挺好的完还会买,0.9021160845193286,喜欢
之前用过，觉得不错这次买了好几瓶,0.7169991219044947,喜欢
淡纹能力：?值得购买！没有什么味道，用起来还可以不舒服的地方所我蛮喜欢,0.9706554854059957,喜欢
味道是对的，应该正品盒子跟店里一样还没用崔知效果,0.7589859619515353,喜欢
用半个月才品论的，我有眼袋黑圈了以后明显可看见改善很多不是托儿哦忠实买家,0.0023369733290066197,不喜欢
果冻状的，也挺稠吸收还可以期待效能把小细纹减淡。,0.9506867605180943,喜欢
忘记照实物了，跟图片一样买过很多次有效的缓解黑眼圈和角细纹好用。,0.9866523686673871,喜欢
双十一在这家买过次眼霜，是第二了价格实惠。,0.6441244621955434,喜欢
一直用这款产品，效果不错值得拥有！,0.9980119991642185,喜欢
货已收到!外包装没有密封，裸瓶也。都是可以随意打开的那种不放心用后看效果吧,0.014338015496957568,不喜欢
还没用，但是ap鉴定过了真的所以应该正品吧包装挺好也有分量。,0.7634665523547445,喜欢
之前用过了，觉得挺不错的再购。,0.833451432160683,喜欢
看上去不错，还没有用。中午说明书,0.6187295449298896,喜欢
还没用，一直这个牌子的眼霜是蛮好包装如既往,0.5227130812769382,一般
应该是正品，和原来用的一样味道效果也都挺好,0.967627229676035,喜欢
这次是拍的第几瓶，蛮好用希望一直下去?所改善吧,0.6541640963264961,喜欢
眼霜用着不油腻，挺清爽的应该是正品吸收也比较快,0.7897925131532796,喜欢
雅斯兰黛眼霜补水保湿抗皱滋润，京东购买正品证！卖家服务好发货快下次再来,0.9347521594708158,喜欢
吸收程度：引快,0.5486976325915089,一般
适合人群：用范围广,0.908056312600725,喜欢
一直在京海外购这个品牌的护肤，物流还算可以,0.786579640905675,喜欢
挺不错的，用着感觉眼袋比之前小了黑圈也有所淡化,0.8084953036457942,喜欢
据说是去黑眼圈神器 用了一段时间没长脂肪粒还可以,0.7900562414437325,喜欢
这是我几年买同款眼霜最优惠的一次，点赞,0.8682017052369868,喜欢
眼霜好用，质地有些厚度但能摸匀保湿,0.9187425430376919,喜欢
吸收程度：很快，不腻但是新版没有小勺子了方便,0.9857678142353513,喜欢
发货速度挺快，东西看着也精致还没打开第一次在这家买希望是正品无误,0.9857145764456476,喜欢
适合人群：任何肤质,0.916386662350361,喜欢
使用方式：起来便,0.7247091630937356,喜欢
淡纹能力：好,0.807428189676272,喜欢
抗皱能力：好,0.6179980458320793,喜欢
吸收程度：强,0.7173634586374467,喜欢
其他特色：好,0.8212649631925266,喜欢
挺好用的，慢淡化细纹,0.6588766464543918,喜欢
618*满减以后确实比平时更划算一些.用起来和前的样，都是正品,0.9901777599200592,喜欢
抗皱不是很明显，但补水效果错吸收快,0.5040303098422239,一般
眼霜用着不错，没有任何过敏反应保湿效果好,0.673002820015617,喜欢
老顾客，用得太快了不经但东西好没办法。,0.04365076205302709,不喜欢
和实体店里买的用起来差不多，应该是正品着挺好,0.9770764235863378,喜欢
一直在用，相信京东拥有品质生活,0.9917441570756448,喜欢
还不错，快递也挺给力的东西分清出真假如果没有过敏应该是吧。,0.8260776324508189,喜欢
好评。一直用这款眼霜,0.6835845894519388,喜欢
之前用完了，看京东有活动就下单收到包装还可以应该是正品的期待后效果最近熬夜严重希望弥补会回购,0.9269396154508093,喜欢
买了一瓶，感觉不错再回购两,0.27030569650211256,不喜欢
看起来还不错，为啥塑封的包装没了？！用再。,0.0012099324500552955,不喜欢
用了一段时间，感觉没啥效果。价格也挺实惠的就是不知道正品！,0.9914861817652824,喜欢
618屯货，买便宜又实惠,0.830376268037485,喜欢
的确可以，用了一段时间感觉我眼周油脂粒都沉下去半,0.4842645800098955,一般
有活动买了这款雅诗兰黛眼霜，性价比高。用还是蛮滋润的赞?,0.9999851940243156,喜欢
物流速度还算快，包装完整没有破损产品应该是原正看印刷字体与在国外买的差不多。,0.6918449968139991,喜欢
抗皱能力强，可以淡化细纹已经买了两次好评,0.36669097536963013,不喜欢
产品效果还是一样的好,0.7856142918772647,喜欢
淡纹能力：一直用这款眼霜,0.8677855292460402,喜欢
抗皱能力：眼袋黑圈细纹淡化,0.17114320801010208,不喜欢
吸收特别好！挺滋润的，一直都是用这款效果不错,0.9978234010590763,喜欢
吸收效果挺好的，不黏腻要用时间长点才知道,0.7194494455793995,喜欢
商品应该不错，k虽然是自营但相信京东的平台管理真。,0.4697411793048074,一般
不错，是正品一直用这个牌子的眼霜次活动很划算比日上还便宜会回购,0.9917662126353762,喜欢
东西不错是正品；活动也挺给力的，京上门送货快服务又好相信商城网购希望多优惠,0.9814199039916456,喜欢
性价比高，收藏了时不看有好的候入手更划算。,0.9994515681059662,喜欢
用了好几瓶，个人感觉还不错会继续关注！,0.9382186210716689,喜欢
是正品，价格不错送货也快用等很久囤了,0.9865847681098672,喜欢
没有别人说的那么好，感觉还是后比较用,0.4881662796225722,一般
感觉不错，用了很放心应该是正品香港发货的,0.9984715407282749,喜欢
第一次用这个牌子眼霜，感觉还不错容易吸收,0.8811039352638754,喜欢
用着不错是正品，和实体店一样价格还优惠果断转粉,0.9476374729122427,喜欢
不错，用起来效果满意,0.9533324480979329,喜欢
还可以，试用了两天很滋润跟我之前的差不多相对优惠,0.6212596866842618,喜欢
吸收程度：还挺快的，用了几天效果后面才看出,0.8227815267388542,喜欢
验证了是正品，开始还担心不现在放！,0.8635978569041012,喜欢
媳妇已经用了，说挺好的什么紧致不懂,0.1637497937402188,不喜欢
一直习惯性在京东购物的，买放心到货又快。有问题售后也,0.933359899190836,喜欢
适合人群：符要求,0.5489179734943598,一般
使用方式：每天,0.6774193548387097,喜欢
淡纹能力：效果明显,0.7887069086640707,喜欢
吸收程度：容易,0.574549474228723,一般
使用中 感觉还可以久点看效果,0.8547026385584142,喜欢
比较了一下，最后选择这款赶上有活动价格实惠。,0.9906607490084145,喜欢
啦，无限回购的眼霜用了感觉挺有效果坚持,0.9896892336590432,喜欢
不错，一直用的这个牌子比别地方便宜又是正品建议购买,0.9391632918029997,喜欢
包装完好，应该是正品还没用快了提前备上,0.90405074943359,喜欢
适合大众人群，使用方便抗皱能力强吸收快好评。,0.8808192735810229,喜欢
还可以，气味和在专柜买的一样应该是正品,0.665417529117754,喜欢
收到货后用了三天，眼部皮肤明显紧致多,0.04783082957814222,不喜欢
已经用了一段时间才来评价，是正品吸收特别快还会回购的。,0.9637301009391971,喜欢
质量好，包装喜欢。就是不知日期保,0.47449880249384957,一般
价格比在国外和免税店买的都便宜，还没使用希望效果一样,0.8410098609611578,喜欢
应该是真的吧。包装和在免税店买一样，单比以前便宜多了,0.75349173330252,喜欢
大品牌值得信赖，暂未使用后在详细评测,0.9961075837513435,喜欢
第二次回购，眼霜一定要坚持用才有效果！,0.11333929497620177,不喜欢
一直在京东买西，价格便宜质量好送货*,0.8706290880821832,喜欢
一直都在用这款眼霜，三八节活动力度相当大啊加上了京豆约不少。,0.8304971620201368,喜欢
还可以，挺好用的第一次买雅诗兰黛眼霜,0.9896843252364641,喜欢
收到了，感觉还可以下次去专柜再买瓶试,0.21773499555818443,不喜欢
商品收到还没有用，等过再追评应该是正相信京东自营店的,0.053758593895047,不喜欢
已经用了三瓶，真的有缓解一定要坚持,0.6559252342388108,喜欢
好象这次眼霜少多，我昨天刚收到比平时快了只是分量点。,0.7436771050476195,喜欢
想象不出的好！绝对是正品，请放心购买,0.9205823431155431,喜欢
是正品 已在度娘对比过，图忘记拍了?,0.9860216867362263,喜欢
到货快。看着不错，用后再评,0.7532292172952674,喜欢
一直在用雅诗兰黛的眼霜，京东活动价比免税店还便宜,0.9989168924615889,喜欢
看起来还不错，期待眼霜效果,0.9636967185959439,喜欢
和在实体店买的对比，应该是正品以后还会再。,0.8765281593958061,喜欢
感谢快递小哥工作认真负责，不在家专门打来电话联系。,0.06509052639370394,不喜欢
做活动囤货的，看起来像是正品效果吧,0.970843213129982,喜欢
网上购买的和店里差不多，送货门方便,0.45963455459580027,一般
产品就不说了！一直好用，关键是这次买的那么优惠,0.5895122254384062,一般
还可以，就是味道好像有点不一样了,0.4534005172073966,一般
用了好多瓶，润而不腻错,0.9086148051967338,喜欢
好用，一直这个品牌吸收,0.8533171233616575,喜欢
一直回购的眼霜 用了不知多少瓶,0.2100911904404108,不喜欢
已经用了很多瓶。价格实惠，还会,0.9010548686868702,喜欢
咱要相信一个道理：就是产品有它自己的价值，可以！,0.6592027907487612,喜欢
一直用这款眼霜，吸收好不长脂肪粒,0.7987353575161751,喜欢
一直信赖京东，希望能对老客户再多些优惠。,0.9285517789832908,喜欢
品质还不错，量有保障价格再优惠点就更好了。,0.9896622145488999,喜欢
不错，值得购买质量强烈推荐家人喜欢。,0.9892512267800663,喜欢
应该是正品，保税仓发货速度还挺快的。,0.9781300213142655,喜欢
跟我之前用的一样，应该是正品618活动价格实惠,0.9564352283671539,喜欢
正品有效的好东西，便宜多了推荐购买。?,0.9773056786939851,喜欢
东西看上去不错，用过之后再来评价。,0.6936821943215981,喜欢
眼霜不错，比较滋润容易吸收,0.9314342866411633,喜欢
東西不错，物流快小哥服務態度好繼續購買点?,0.9182686183525333,喜欢
感觉是正品，和之前在专柜买的使用下来差不多。,0.8355222617597869,喜欢
一直用的产品，信赖京东还会回购谢！,0.9613572943100634,喜欢
应该是正品吧，反包装跟一模样的,0.8533401268579978,喜欢
京东商城，品质保证多快好省一直在使用。,0.7404688761126035,喜欢
个人感觉雅诗兰黛的眼霜最好用,0.9830965995129828,喜欢
用起来感觉蛮好吸收，应该是正品,0.9710781225527779,喜欢
买了第三次，挺好用完继续,0.76585151914547,喜欢
送货还挺迅速，也正。有活动会光顾,0.9267734282435834,喜欢
不错，一直都是用这款眼霜的好,0.9693455229095815,喜欢
是正品，一次买了两瓶这个价格太合适,0.711065536823085,喜欢
不错，是正品值得购买一直信赖京东,0.9997937855178516,喜欢
效果挺不错的。以后还会再购买,0.9718965917022808,喜欢
买了两次，感觉还不错?,0.8211739428992574,喜欢
经济实惠挺好的，就是这个税钱太贵了,0.7696394314746038,喜欢
一直用此品牌眼霜，价格最划算的购买。,0.950748883653032,喜欢
眼霜中的高端品，有优惠时必买值得推荐。,0.97718204082533,喜欢
眼霜一直用的这个牌子，感觉不错,0.8353624678889028,喜欢
看起来和莎买的一模样，应该是正品吧？,0.892648706334882,喜欢
确实挺便宜的，等用一段时间再进来评价,0.7897925284615737,喜欢
这是购买第二次啦，用得可以,0.4915361277447762,一般
看着不错，像正品相信京东,0.9804454228738743,喜欢
还没开始用，但感觉应该不错,0.8026678002637824,喜欢
是正品，用的好下次再购买,0.9283569664462819,喜欢
还可以，一直用的雅诗兰黛是正品,0.9937801502129797,喜欢
第二次购买，澳洲直发用着放心,0.8929921563891766,喜欢
是正品，价格十分实惠值得拥有好评。,0.9983223135038403,喜欢
多次购买，好了发视便宜几块钱,0.45790234598546886,一般
正品，没问题。大家可以入手,0.9543964633267041,喜欢
价格实惠，还没用应该正品吧,0.9600676288308311,喜欢
这是买眼霜最便宜的一次了，好评。,0.5340115132791338,一般
正品，一直在这家购买挺不错?,0.9866024249553853,喜欢
买了很多次的产品感觉还可以吧,0.6619791523399227,喜欢
一直以来都是这个问题的忠实顾客，,0.32404356463133877,不喜欢
感觉还是不错滴，便宜很多,0.9628335170366062,喜欢
淡纹能力：眼部细了，挺好一直在用,0.9423928543535878,喜欢
价格比专柜便宜，品质保证正,0.9132320072701243,喜欢
包装快递都不错 应该是正品吧,0.888055419359522,喜欢
好喜欢这个牌子的产品，一直都在用,0.7915524472516627,喜欢
包装完好，物流也还品不错。,0.9171119688189329,喜欢
这个品牌的挺好，用了几年,0.9229172552919624,喜欢
不错，效果好值得购买的,0.9867844140385391,喜欢
老顾客，一直用的这款是正品,0.8689660026372691,喜欢
清爽无脂肪粒，回购多次,0.11958750222290426,不喜欢
刚开始用，还可以期待效果,0.7864864697647782,喜欢
朋友推荐买的，还不错京东值得信赖。,0.9992483601807685,喜欢
用了一段时间，感觉还行吧,0.8610208706238776,喜欢
查到了是正品，配送也挺快的。,0.8819946093468659,喜欢
吸收程度：很细腻，大牌就是不一般,0.9700333981392366,喜欢
一直相信京东是正品，值得购买,0.9698173887818305,喜欢
一直在京东购买西方便快捷。,0.6496436085739854,喜欢
还挺便宜的，一直用着牌子,0.8346226367792873,喜欢
一直用这款眼霜，次是囤货,0.5121712621090644,一般
大牌子值得信赖，希望会继续好,0.9936142345173691,喜欢
一直用的这个，效果不错,0.9045686218004112,喜欢
买了好几次，不错价格实惠,0.9675175675818453,喜欢
商品不错价格实惠应该是正,0.9844116970760801,喜欢
最喜欢又好用的雅诗兰黛,0.9904465384350606,喜欢
价格优惠，东西正品多益善,0.8723281902134349,喜欢
第二次买，快递比一多了,0.13029030010211828,不喜欢
质量不错，性价比值得推荐！,0.9959676345584866,喜欢
至少我收到的是正品无疑，哈?,0.8889333468595138,喜欢
挺好的我一直都在用，经常使,0.9118167012859946,喜欢
好，京东态度速快支持,0.7233948489322857,喜欢
老婆说用着感觉还可以！,0.7087578433202554,喜欢
一直帮爱人买这个眼霜，不错的,0.942805540704908,喜欢
与之前买的一样，应该是正品吧,0.8483247442081796,喜欢
是正品，搞活动买的小便宜,0.8310771052899351,喜欢
一直信任京东，性价比不错,0.958268215937643,喜欢
感觉是正品，价格也还不错！,0.9812788305171015,喜欢
是正品和在实体店买的一样,0.7856880530245736,喜欢
买回来还没用，都说好,0.3064385497266734,不喜欢
还可以，就是不知道正品,0.7937694071179019,喜欢
发货迅速，价格优惠好评！,0.4854423563043906,一般
是正品，一直用这个牌的,0.6183991838819031,喜欢
用着挺好的，一直再,0.7533845280393677,喜欢
挺好的，看评论是正品就放心了,0.9805242881404114,喜欢
价格实惠，正品用完再买,0.9804369695408458,喜欢
物流快，大牌眼霜值得信赖,0.9990791992053348,喜欢
物流速度块，挺好用的,0.8792398494356499,喜欢
这次优惠很多，值得购买,0.9196398790345018,喜欢
不错，发货快速包装完好。,0.9549499115996403,喜欢
一如即往的好，易吸收,0.8533306971114052,喜欢
一直用这个，应该是真品。,0.2500000000000001,不喜欢
一直用的眼霜，活动囤货。,0.666489234843307,喜欢
又快好，京东值得信赖,0.9973381547119496,喜欢
不错的产品和牌，挺好。,0.8828927108284687,喜欢
一直用着不错，大牌范儿,0.9953177609461482,喜欢
看包装不错，用后再评价,0.6732393752479653,喜欢
还行，美版产品。应该是正,0.5456925645785792,一般
感谢快递小哥的优质服务！,0.36154070257346804,不喜欢
还不错?第一次购买继续关注,0.9776315508003596,喜欢
价格还可以效果吧,0.708255684394073,喜欢
包装蛮好的到货比较快,0.8480113859830194,喜欢
东西还好吧，价格也实惠。,0.9491873582210527,喜欢
正品，补货一如既往的好,0.9812910586634298,喜欢
正品，一直用这款眼霜！,0.9415732008557305,喜欢
家人代收，性价比高囤货。,0.7648266836423858,喜欢
质量不错包装完整挺好,0.9861188060528305,喜欢
物流快，眼霜是送人的,0.6107851921195818,喜欢
看见价格优惠赶紧下手。,0.4845836521383393,一般
一直使用。无限回购,0.8877093693397928,喜欢
东西为真品，吸收快。,0.5082965672997235,一般
一直用这个牌子的眼霜，抗皱效果不错,0.7112781720400484,喜欢
一直用的这款眼霜，效果不错！,0.9622056537489448,喜欢
各位看官们自己吧，不知道是正品但在网上了好像满足一切的特征就只能当它反也退期待淡纹效果,0.6340699597296948,喜欢
个人觉得适合所有群&helip;关于淡化细纹和抗皱能力暂时不给大家很肯定的答案自己也用了一多月，没感改变但是同事说还错以两已经购入3瓶配整套雅诗兰黛产品更好意见,0.992185555972163,喜欢
还不错，量好少,0.8757280704798985,喜欢
刚到，感觉一股中草药味今晚就开始用,0.17483288421486698,不喜欢
给妈买的，两瓶划算一点所以起拍了慢用当然现在还没使不知道效果如何期待好,0.6783343562407308,喜欢
明星产品，质地轻薄易吸收。一个月黑眼圈淡了点继续使用中期待好效果,0.9918669183283652,喜欢
雅诗兰黛眼霜小棕瓶精华ANR抗蓝光特润修护肌透淡化细纹 15ml,0.9023295893747736,喜欢
看包装没问题的 但是之前用过这款眼霜所以真假和生产日期办法辨别,0.40488740393834144,一般
小一瓶，朋友推荐的,0.5209464837953695,一般
东西收到，没看见哪里写有效期限不知道真假相信京吧！,0.4149373238312829,一般
不错，我同期买了2个来源的比较本店还是?,0.3690349515860719,不喜欢
看包装还行，没用具体效果不知道。先好评吧,0.34520637607193183,不喜欢
已经用第二瓶了，准备①直下去希望会改善我的黑眼圈吧,0.2712042968759705,不喜欢
第一次买这款眼霜，不知道效果咋样期待好用,0.5056038194343248,一般
速度快，不知一瓶的量用下来效果怎么样期待全责,0.7002436319101428,喜欢
整天对着电脑，黑眼圈有点严重期待效果,0.96063703629435,喜欢
在线咨询等方面取得重大成就&helip;不,0.2080799904578161,不喜欢
价格优惠，但扫码无效不知真假待用过后确认追评。,0.14795316087075483,不喜欢
第一次买 觉得效果般再用看,0.5100605926388044,一般
收到了，还没用不知道是否正品。价钱很美好,0.8516201795748085,喜欢
相对于我从加拿大买的价格便宜，还没开始用期待跟以前一样,0.6626087180485263,喜欢
一如既往。,0.8627450980392156,喜欢
还没开始用，但包装质地和之前买的一样,0.682555371271339,喜欢
第一次用雅诗兰黛，希望有质地稠但不腻,0.9981809388606078,喜欢
贪小便宜吃大亏&helip;还是去正规店铺买吧,0.5438876080428774,一般
第一次用这个牌子的眼霜，期待效果好哦,0.7943229122143618,喜欢
挺好的，值得信赖,0.9972120103586147,喜欢
快递收到了 还没用期待好结果,0.2226995853199849,不喜欢
打折囤货，一直用雅斯兰黛没有黑眼圈,0.8454486350400352,喜欢
第一次在京东上面买,0.5177986706811208,一般
嗯，包邮是肯定的。但为什么这个还需要评价呢？,0.3617498744340508,不喜欢
但愿是正品吧！,0.8962965116493855,喜欢
用一次过敏，小伙伴们慎重选购,0.031071735093220365,不喜欢
这个是真的吗，我眼霜使用过敏,0.20302277786588174,不喜欢
按照某书真假方式判断为,0.9608714108265539,喜欢
这款眼霜回购好几次了，评,0.19491086098736532,不喜欢
很滋润好用、是正品,0.9717427300307303,喜欢
还没用，看着可以。,0.416887841068425,一般
使用一段时间，应该会看到效果吧,0.8074267038439815,喜欢
外观看不出真假，还没用,0.9377281390500035,喜欢
产品费常好，,0.48520550258130235,一般
非常好，是正品,0.9114640284716303,喜欢
一直在用,0.5262327818078083,一般
效果挺好,0.8806027500243906,喜欢
没送东西，所以不知道好用。,0.31729944378417085,不喜欢
因为用过这个产品，次再买款。,0.34567322333177086,不喜欢
还没用，打算试一希望有效果,0.5196753551112098,一般
还没有用，期待中加油,0.9811525598903061,喜欢
还在使用中效果不明显,0.710872909738646,喜欢
经常买的产品，趁着六一八囤货,0.3487354697272421,不喜欢
上次增送的礼品到现在对方放收,0.0809033191681372,不喜欢
吸收程度：很滋润,0.8185470757837106,喜欢
抗皱能力：还没见到效果,0.4789336519236571,一般
收到了，用再看效果如何,0.42626438407949996,一般
不确定是真品！使用后再评论。,0.048385722832815836,不喜欢
第一次用这个，期待好,0.7716467713481613,喜欢
刚开始使用，期待效果！,0.7517521837291283,喜欢
希望活动多吧，正品应该是的。,0.9139731243501433,喜欢
刚开始用 也不知道真假,0.7023755299910673,喜欢
给老妈买的 母亲节生日礼物,0.7454216828397531,喜欢
我买啥了要评论这个 又强迫症,0.6181053806609811,喜欢
第一次买大爱的，用后再评价！,0.582473946021185,一般
刚收到货，期待有好的效果！,0.5760070976375653,一般
优惠时买的，期待效果,0.735401138101976,喜欢
给媳妇买的，我不知道,0.0757282627837903,不喜欢
是正品。,0.8571428571428571,喜欢
东西比我想象中的还要完美，十分给力值得入手每一次都很满意这选宝贝更加以后会如既往地买下去,0.999317162626368,喜欢
用过几天才能评价的，是正品比去年在其他平台买好！下次就&ldquo;618r和双打折时来京东自营,0.28157791699136403,不喜欢
很满意,0.8162086568048178,喜欢
妥的好评,0.42000544271996154,一般
很好到货就迫不及待打开了，果真没有让我失望质量特别颜值也相当高满意的一次购物,0.8835046961159787,喜欢
从来不知道他们。而心情好的时候再说吧啊哈,0.3916599219574871,不喜欢
淡纹能力：效果非常好，眼霜我觉得这款的确棒,0.9393473882868971,喜欢
看到评论说不错特意买来试，希望有效果。,0.8783344340859418,喜欢
宝贝收到了很不错。个人非常满意，有需要会回购,0.9398306930093926,喜欢
还没开始用，看评价说挺好期待效果,0.8146067439187498,喜欢
帮妹买的，常年用这个小棕瓶,0.3108515314714645,不喜欢
东西收到了比较满意的一次购物,0.7499853341101989,喜欢
好评，京东常客祝越来,0.7455049674369973,喜欢
不出国了，用京东海外购也还方便,0.6830855079540926,喜欢
相比第一次买的感觉效果好些,0.841174994130539,喜欢
好评，跟在京东自营买的一样,0.49602930982747084,一般
以后就在这买东西了，还行吧,0.706983101215353,喜欢
收到后还没用，等了再说,0.19203271821713297,不喜欢
还好吧，哈我觉得这个行,0.717990263991664,喜欢
对于三十+的我来说这是必须买,0.7249210458121481,喜欢
老婆一直都用，618屯波好评。,0.9600951606878504,喜欢
准备用现在存货，期待效果,0.5646782685165797,一般
刚收到没打开 先好评着吧,0.06865343010324887,不喜欢
老婆无限回购的东西，不错,0.9961717366094928,喜欢
还不错，坚持使用看一下效果,0.9366507230907658,喜欢
还没开始用，等了再说,0.3998386640577172,不喜欢
挺好的，非常不错坚持涂,0.8900487534266227,喜欢
产品不错，下次还会光顾,0.9231497142273554,喜欢
宝贝不错,0.9582194429883354,喜欢
不知道真假，习惯性好评,0.8441859825104985,喜欢
还可以闻着应该是真的,0.34971387075304916,不喜欢
收到货了，期待效果哦,0.4694043426291332,一般
试用了一下感觉不错,0.8592639154587484,喜欢
很好喜欢坚持用,0.8810681855926947,喜欢
吸收程度：好,0.6985328759451426,喜欢
抗皱能力：不错,0.8404461928242488,喜欢
还不错，朋友推荐买的,0.9389689588331446,喜欢
眼霜不错 一直使用,0.848177245702349,喜欢
还没用，希望是正品,0.7773610906368685,喜欢
货已收到，期待效果,0.435252807560349,一般
淡纹能力：强,0.8211979093428096,喜欢
给妈买的，很好用,0.7609438730299726,喜欢
价格很实惠，是正品,0.9888718185689473,喜欢
挺好的，会继续用下去,0.8436881859088081,喜欢
正品 京东值得信赖,0.9980749204349326,喜欢
挺好用的，还不错吧,0.9704241511716807,喜欢
老牌子了，用着安心,0.5856797153241635,一般
第一次用，还没效果,0.4750165006383674,一般
除了时间漫长其他都好,0.6527106811457988,喜欢
第一次用期待效果,0.7505217269831503,喜欢
非常满意下次回购,0.445449304206991,一般
多次购买，喜欢这款,0.9036391216356666,喜欢
不错，很满意正品,0.9925935991082907,喜欢
还没用，像是正品,0.7507225184267666,喜欢
正品！物流非常快,0.9330856179363902,喜欢
平价好物，值得买,0.9382927888405436,喜欢
此眼霜好用，有效,0.6317853705682674,喜欢
还没用，了再说,0.3579523919155472,不喜欢
做活动买的，很喜欢?,0.8970605497858891,喜欢
还没用，看包装完美,0.6977205809299895,喜欢
挺好，回购多次了,0.5768492883478945,一般
够用一段时间了。,0.8319833653273317,喜欢
一直用这个品牌,0.7151515151515152,喜欢
好用，下回再够买,0.5070360896179568,一般
无限回购的眼霜,0.9577971953105345,喜欢
跟店里一模样,0.5377007857813028,一般
二次够买了很好用,0.7176276246561986,喜欢
一如既往的好用,0.9151469112387991,喜欢
正品棒哒相信京东,0.6129937669470412,喜欢
保湿效果：使用很好。,0.8082831117851146,喜欢
没有用，不知道咋样,0.08079330111814975,不喜欢
还没开始用，希望有效,0.43579318838175196,一般
适合人群：期待效果,0.9092969931216258,喜欢
商品质量还不错&helip;,0.8371306652568299,喜欢
很好用，非常实惠,0.9599932996810931,喜欢
收到，跟正品一样,0.7640536027739193,喜欢
商品不错，很好用！,0.9434841381700617,喜欢
原装正品，值得信赖,0.9977725476544648,喜欢
货收到了，好用,0.3325779385721106,不喜欢
好用，价格实惠。,0.9383273480889092,喜欢
多次购买，喜欢,0.7586485156671846,喜欢
满意，下次还会光临,0.8380084606845143,喜欢
不错，还会再来！,0.8422371682332122,喜欢
是正品，很好用,0.9502455588345124,喜欢
好用、感觉棒哒,0.7609022920373595,喜欢
效果还是不错,0.9201911358926044,喜欢
好用，活动买的实惠,0.9484932485028333,喜欢
就是时间等得很长！,0.7247257863193167,喜欢
一直用这款，喜欢。,0.8741068354688071,喜欢
吸收程度：挺好,0.8544468684853762,喜欢
快速高效不错哦,0.9692776156181494,喜欢
质量可以，值得下手。,0.749769076764197,喜欢
初用感觉不错,0.8592639154587478,喜欢
很速度的卖家,0.8366437725594725,喜欢
好评,0.44578313253012036,一般
应该是真的吧,0.6111111111111113,喜欢
快速送达，谢,0.7076956875359812,喜欢
需鉴别，及效果,0.7481851805477027,喜欢
送人的，还不错,0.8359763779312994,喜欢
还不错的眼霜,0.8717221333694785,喜欢
吸收程度：能力强,0.8611556956367316,喜欢
淡斑效果特别好。,0.29898269188701443,不喜欢
包邮通关一步到位,0.055690484215971225,不喜欢
淡纹能力：很好,0.8860852194028844,喜欢
第二次买了,0.3499527215249444,不喜欢
正品，活动划算,0.9710280739536337,喜欢
老婆说不错,0.8675484475569268,喜欢
不错是正品,0.9710310913693,喜欢
特别好，很喜欢,0.9113096112584869,喜欢
还不错，挺好的。,0.9704241511716809,喜欢
非常好用啊,0.6558628208940429,喜欢
应该是正品,0.8571428571428571,喜欢
质感很好哦！,0.9271798999437262,喜欢
非常好！不错,0.9141416881265491,喜欢
还不错，,0.8830153175079881,喜欢
老婆很喜欢,0.8876890213970254,喜欢
一直用正品不错,0.9710310913693,喜欢
东西相当不错,0.8623218777387431,喜欢
哎呦，不错哟。,0.6506195435109292,喜欢
看不出真假,0.79307867250649,喜欢
不错好，挺,0.9642527132595317,喜欢
正品，价格优惠,0.8826143459526443,喜欢
用了挺好的,0.8284246220999102,喜欢
不错，挺好的。,0.9642527132595317,喜欢
眼霜很好用,0.7609438730299726,喜欢
一直用，不错,0.8612132352941176,喜欢
应该是真的,0.6111111111111113,喜欢
挺好，一直在用！,0.8284246220999102,喜欢
还可以，正品,0.8794948866777325,喜欢
应该是真品,0.2500000000000001,不喜欢
包邮服务最重要。,0.19584895522593004,不喜欢
好！快递给力。,0.32316517893213714,不喜欢
很好，包装和品质都以前买的一样地、颜色味道涂抹后感觉没问题滋润舒服相信是正国内保税仓发货快就收到了,0.7519207896251756,喜欢
雅诗兰黛特润修护精华包装美，非常滋一滴在手轻涂抹脸部的各个角落慢地按摩让皮肤充分吸收感到湿舒展肌变得年许多保效果好味道也很用过不少产品还是最！,0.9993364795659102,喜欢
价钱也太划算了，和我在旗舰店买的50毫升味道一样使用感觉所以得是正品没错啦！这个1下次还会再来哦,0.20311956076360826,不喜欢
小棕瓶是经典的透明粘稠液体状，上脸非常好推开而且香味适中不像很多国产护肤品牌会有浓重精。涂抹之后黏腻几乎合各种质就算油皮用也觉得白天抗氧化夜晚修复肌干燥暗沉粗糙松弛都可以华来改善,0.018047865204588898,不喜欢
雅诗兰黛特润修护肌透精华露：非常好用！皮肤过之后变得白皙嫩滑，摸着脸上光富有弹性没粗糙暗沉甘燥感觉回到少女时代的。绝不说假是真正国外进口商品,0.9294941169649334,喜欢
东西收到了，包装非常好味道不错保湿效果用着很舒服也油腻感觉完接购买的商品物美价廉,0.9034611760610537,喜欢
雅诗兰黛小综瓶精华液适合各种年龄，不同肤质的人用一滴慢地涂抹在脸上感觉肌润滑非常舒服使可皮白晳嫩富有弹性真错！,0.9756665620226055,喜欢
大品牌！值得信赖的效果超级好贵有道理很棒商是正。,0.9998572824129094,喜欢
使用感受：每天晚上，很滋润服帖。而且第二的即视特别好,0.8615128562793253,喜欢
适合肤质：本人是干皮，所以从来没有觉得油。特别秋冬季不可缺席的一款守护天使,0.9904172636647431,喜欢
吸收效果：好的没法说，看着弄糊感觉不？有事情。慢按摩让皮肤充分滋润体滑,0.06451930594270638,不喜欢
保湿效果：，一直都是杠的我皮肤在没有这款之前秋冬季节基本上处于过敏症状干到爆现样事情出了。,0.3291178242382743,不喜欢
其他特色：买它，！,0.6276410777868847,喜欢
非常喜庆的春节版小红瓶，设计贴合气氛滋润细腻使用后肌肤柔软搞活动购买物美价廉还会继续！,0.9993329271525959,喜欢
应该是正品，使用后吸收也很快比较清透。外包装没有塑料赶到元旦活动价格合适发货速度,0.9622207214461093,喜欢
小棕瓶精华真的是我最爱，子手感很好一直喜欢质。液体容易吸收不粘腻厚重使用起来肤觉同时保温维稳功能也希望有抗衰效果岁数大了就怕老这次活动所以下个10ML价格超划算呀！之前还没完囤货吧确定和样正品要让失日期去年4月份可,0.9996252138394831,喜欢
真心不错的一款肌底液，之前考驾照过度紧张导致内分泌失调爆了很多痘出来整下状态后用这维稳皮肤现在感觉没那么容易敏贵妇级还是有它优势除小啥毛病会回购,0.9928871657465792,喜欢
信赖sa的品质，使用起来跟我原买没什么异常还比之前便宜。吸收特别好后续护肤也很保湿补水效果非,0.9996128487793612,喜欢
四百多买到的，超级划算也没有被税差不半个月收用着皮肤很稳定会持续下去。,0.5075500900854466,一般
刚收到就用了，之前还怕sa会不有假毕竟江湖那么多传说。看外观跟精华液应该都没问题淡的清香味很好吸,0.9990929865393272,喜欢
已经是在sa回购的第二瓶小棕了，真心好用维稳效果修复能力也不错去最近皮状态健康很多,0.9980117559419726,喜欢
有股淡的香味，用后皮肤不起整体效果错卖家包装也很细心。下次继续在你买,0.9983586580494423,喜欢
包装很好，拿到手里大瓶618买的果真便宜啦就是还没用不过肯定随后追加,0.31559420812322503,不喜欢
大概一周时间收到货，精华特价期购买确实很合算。唇膏第次非常滋润以后冬天再也不怕干了,0.934953557209318,喜欢
每一次都很满意，这选的宝贝更加以后还会如既往地买下去莎定是正品618合适。,0.9832875352133679,喜欢
雅詩蘭黛小棕瓶可以說是最經典的一款精華液了。潤而不膩，年四季常備品適合所有膚質像我這種換敏感肌使用起來也完全沒負擔莎38女神節價格比某寶還便宜必須囤貨,0.9913996937107077,喜欢
用完以后整个人都变帅了 状态特别好皮肤吹弹可破很喜欢。,0.8459589880074565,喜欢
价格划算 ，客服务态度很不错用着皮肤第二天挺滑的和原来买一样,0.7229864263082532,喜欢
适合肤质：我是混油皮。,0.8371729738343332,喜欢
保湿效果：很 在清爽点就好了。,0.7914792446997613,喜欢
吸收效果：用雅漾喷雾了一下稀释之后还是蛮好的,0.8637541798357191,喜欢
商品已到，头一次用这个牌子的护肤先试看感觉应该很不错哦相信家,0.6853773048388855,喜欢
感觉是正品。发货速度快，便宜实惠包装很好,0.9991207765927451,喜欢
感觉新版要稀一点，味道和之前的样还是相信sa品质活动价格太美丽了,0.9187408204050199,喜欢
使用感受：简单粗暴的说就是真很完美，算从品牌、价格效果质地等各方面看综合性比高一款精华。,0.9998767497642068,喜欢
吸收效果：雅诗兰黛小棕瓶涂在脸上不会觉得黏腻，便水性容易之后感整个都有光泽了。,0.2949125337753401,不喜欢
保湿效果：不用小棕瓶前，水乳和淡斑精华后会卡粉浮但自从了就再也没有整个脸看上去都舒服呢。,0.7817002618996559,喜欢
最后想说这款精华真的是集&ldquo;修复、初抗老保湿r于一体超高性价比，绝对值得入手回购。,0.9999247198699177,喜欢
宝贝已收到?，超级喜欢颜值高又实用！感觉物比图片更好看价格和质量成正这次购非常满意的赶紧下手,0.9967604520100959,喜欢
這款雅詩蘭黛小棕瓶真的是一年四季常備精華液。潤而不膩，非好吸收用了很多但新第七代還沒開始過憑著口碑應該值得期待效果,0.9591204234365732,喜欢
买雅诗兰黛以来这次送最便宜了，比上在莎gzh注册会员领券都。的两只剩下一也是刚打开再用活动赶紧入囤货而且还7代、超级京东国际品质信得过发快,0.7776279944785683,喜欢
一年四季必備的精華液。潤而不膩，非常好吸收幾乎適合各種膚質升級款雅詩蘭黛小棕瓶更讓人期待效果莎產品有保障且三八女神節價格比某寶還優惠須囤貨啊！愛了點個讚,0.9948977782832491,喜欢
使用感受：比较好,0.813445173465744,喜欢
适合肤质：通用型,0.6250001909683196,喜欢
吸收效果：非常快,0.8390490904871825,喜欢
保湿效果：很好哈,0.8082831117851146,喜欢
其他特色：价格比较给力，下次再买,0.6653160066596401,喜欢
一直用雅诗兰黛的小棕瓶，很好非常滋润每次取滴就够了保湿效果不油腻味道也错感觉皮肤充分吸收第二天！嫩滑紧致,0.8816702890490249,喜欢
很好，物流快东西给力性价比高！发货速度包装的格优惠我满意?还会回购,0.9899156630600568,喜欢
新包装很漂亮，价格也非常优惠性比超高。之前用过的都是第六代这个七还没发现出来区别,0.9986049781201521,喜欢
相信京東，莎這款雅詩蘭黛小棕瓶第七代升級版的效果杠滋潤度夠又一點也不油膩。各年齡段都可以使用領券後價格比某寶便宜很多所停囤貨,0.9916223043645626,喜欢
非常好的一次购物体验。618价格比平时优惠包装完，外箱质量也发货很迅速品无损雅诗兰黛大牌值得信赖,0.9999916371955156,喜欢
一直在用这款，保湿性特别好520有*合适物流还快！,0.9818592673560315,喜欢
好，非常。皮肤吸收快滑的不干了,0.28031903302592587,不喜欢
、服务好！礼品还真是漂亮，超值但有一颗小珠些瑕疵这难免的。尺寸比想象中要总体不错,0.9999237055358542,喜欢
2、东西收到，很满意！京平台真的是超级好卖家解疑问不厌其烦细致认关键而且货物发得快包装仔值信赖,0.927706872172428,喜欢
?心仪已久，果断下手用过之后感觉很不错是正品快递也给力然名副其实终于买到满意的商了超出期望非常喜欢身边人都问我要链接特别好没有任何破损地方外观看评！,0.9877180459672202,喜欢
一直都爱用小棕瓶，觉得比较适合我自己的皮肤。这次京东快递送达很,0.28231596290281424,不喜欢
货已收到非常满意比实体店便宜好多是正品,0.8024567833025669,喜欢
吸收效果：好,0.7972179145349774,喜欢
适合肤质：都OK,0.6713819016764735,喜欢
保湿效果：好,0.6944305636932618,喜欢
第一次购买雅诗兰黛小棕瓶，刚收到货好喜欢非常的棒下还会,0.9763406573691695,喜欢
"""雅诗兰黛特润修护精华包装美,非常滋一滴在手轻涂抹脸部的各个角落慢地按摩让皮肤充分吸收感到湿舒展肌变得年许多保效果好味道也很用过不少产品还是最！性价比高目前坚持时间长。""",0.9999387182595704,喜欢
京东发货总是很快 新版的第一次用刚开始几天目前还觉得好,0.7273696952444754,喜欢
在双1买的，之前沒用所以没评价这个第七代明显稀很多我都是香港专柜六浓稠好量可省要三倍份才够不知道也样许更适合夏季比较轻薄人感受哈,0.43604812924073655,一般
小棕瓶精华润滑细腻，吸收快保湿效果好皮肤摸起来很光是一直回购的产品活动时候买真超划算10ml可以用久了,0.8956306982791041,喜欢
多年來一直都在用的款精華液。抗老化效果是很明顯而且溫和，幾乎所有膚質可以使相信莎正品清關速度稍點慢謝京東小哥過也送貨滿意！囤,0.16647301423415828,不喜欢
味道很好闻，保湿效果补水每天早晚各一次皮肤紧致收缩毛孔明显,0.5830036228915185,一般
无限回购，维稳特别好尤其脸上长了个痘。它都消炎的作用第二天就如果想去法令纹那另一款吧我早晚不是这得大油皮着也错,0.9998486731081159,喜欢
质量很好，收到货第一时间打开看了不错满意想买的别犹豫哇！没有廉价感觉高端特棒?做工物流快客服点赞包装非常宝贝完全符合卖家描述可以放心购谢正品哒格优惠总而言之挺还会再已超级喜欢颜值又实用,0.9999906523444682,喜欢
第一次在莎旗舰店下单，双十二价格很优惠再囤瓶七代小棕。包装好裹严实,0.30738633437910645,不喜欢
第一次购买，朋友推荐莎旗舰店真好期待更。,0.87154330449829,喜欢
卖家发货很快，包装精美时尚这10毫升的好大一瓶有份量在官网也下单了明天到没是不正品还敢确定等后面使用效果再追评吧。看感觉应该～如会回购！,0.24750045779602348,不喜欢
雅斯兰黛国际品牌，产好用是没得说一直在特别这款的润小棕瓶精华液更我最爱滋肌肤味道淡清香高浓缩每次只需二滴就行圣诞节搞活动购买很实惠哦。希望以后多有点会关注,0.9999978908077909,喜欢
使用感受：润，特别适合北京的冬天,0.9237517439779729,喜欢
适合肤质：干皮,0.6341131491282936,喜欢
吸收效果：很快,0.9371519929833392,喜欢
保湿效果：持久,0.5438877242808815,一般
一直使用这个品牌精华液，吸收好尤其是冬天比较干噪完后皮肤不紧绷很润日常必备化妆,0.8801950651448782,喜欢
想买的别犹豫哇！没有廉价感觉，很高端特棒物流速度真是话说就一个字：快。商品从外包装来看非常档分钱货贵道理好东西给力性比整体还不错店家服务态而且质量也异味,0.9784805593404446,喜欢
大瓶的，实惠！用了几天紧致提拉第二早上洗脸手感很好滑,0.45350771280614954,一般
还不错哦，囤了2瓶自己家一妈放冬天干燥很适合用小宗保湿效果更好夏就黑加清爽,0.9611390000588744,喜欢
瓶身很新，没任何划痕日期也不错！,0.6111692547236581,喜欢
特别好 质感很价格划算送的包也比想象中大适合人,0.9963704680524533,喜欢
吸收效果：很好，快速。,0.932108919373249,喜欢
使用感受：不错，很黏腻一点就够了非常省。,0.9783546088430757,喜欢
适合肤质：本人干性皮，很滋润配雅诗兰黛红石榴晚霜使用效果更好。上敷完面膜以后全套产品手指按摩棒哒！,0.9983182252471842,喜欢
保湿效果：不错。,0.8809447545973716,喜欢
其他特色：第二天真的感觉皮肤很好。价格美丽，自己看图片吧用完还会回购使过效果最精华了,0.9980949678139448,喜欢
可以确定是正品。配合优惠券性价比极高走京东物流很快,0.9975360718261648,喜欢
雅詩蘭黛小棕瓶這款新年特供版簡直太漂亮啦！大紅色搭配金牡丹花，濃的中國風討喜不得了。真是一見傾心啊相信莎京東清關速度稍有點慢但絕對值等待好口碑再加上顏愛,0.999743528385643,喜欢
京东快递?，虽然从香港清关但是依很呀。因为之前一直用的雅诗兰黛眼霜没有过精华这次做活动跟另外个比还划算多所以第买结合希望效果更好哦,0.9997712027970003,喜欢
1使用感受：每天晚上，很滋润服帖。而且第二的即视特别好适合肤质本人是干皮所以从来没有觉得油秋冬季不可缺席一款守护吸收效果法说看着弄糊？事情慢按摩让充分体滑保湿直都杠我在这之前节基处于过敏症状到爆现样出了其他色买它！,0.8443880153877381,喜欢
用了一段时间材料评价的 真心好如果搭配兰蔻肌底液效更,0.8678957433427007,喜欢
用了两回.皮肤明显白皙滋润有弹性去皱效果还得等一段时间能看出来总之真的特别好,0.9406533724171783,喜欢
用了觉得很不错，商品质量好发货也挺快的总之就是赞正买放心价钱公道满意！款式大方非常合理,0.9999860755298675,喜欢
保湿效果：很滋润吸收也不错下次再用7代,0.9793032675005594,喜欢
这个很好用，涂在脸上皮肤多了润滑太喜欢姐妹们入手吧,0.6701051634895671,喜欢
好?赶上做活动的时候买，这个价格一分钱货从外观看很美材质工都不错感觉值了还有物流超级快点赞！,0.9999124947045313,喜欢
使用感受：此前一直都普通包装的，但过几瓶了觉是不错眼霜也同品牌,0.9840739631963226,喜欢
适合肤质：本人混皮，鼻子三角区偏油,0.5977500732103528,一般
吸收效果：好，反正个人觉得很滋润,0.8408659480851485,喜欢
使用感受：大名鼎的雅詩蘭黛小棕瓶，第五代六都過這款七是新出滋潤度很好。,0.9898995367594977,喜欢
适合肤质：本人屬於換季會有點敏感，但用小棕瓶完全沒問題。,0.035694744322172234,不喜欢
吸收效果：速度很快。,0.9638979203600669,喜欢
保湿效果：潤而不膩，濕錯。,0.7625975804849571,喜欢
其他特色：優惠價入手的，非常滿意！,0.8007821367955216,喜欢
一直很喜欢这个精华，保湿效果不错以前用的第6代次看7希望会失哦味道清淡,0.9232056242251243,喜欢
?质量很好，买的合我心意棒哒！需要亲们可以放购到货就迫不及待打开了果真没有让失望特别颜值也相当高满一次物如既往品非常喜欢款产o(*￣︶)包装错问题,0.29672631176691133,不喜欢
吸收效果：很快，清爽,0.9200442206904723,喜欢
保湿效果：第二天起床皮肤很光滑，超级补水,0.1296520133784942,不喜欢
适合肤质：敏感肌也用,0.9460670546545229,喜欢
物流很快，质感好漂亮喜欢产品真的超级棒下次还会买愿越做非常购体验,0.99994522154978,喜欢
这款质地比较浓稠，用了之后脸很光滑不知道是正品包装完善,0.9549001952239063,喜欢
安全下车了，莎的活动价格很给力快递等心慌还好没有被税希望以后也能！生产日期是比较新保质到19年,0.5265340992267116,一般
使用感受：有点黏腻,0.6958561247502102,喜欢
适合肤质：干性，我是大沙漠,0.8177628389844913,喜欢
吸收效果：还不错,0.9396521464760009,喜欢
没有在专卖店买过，所以无法对比闻气味和网上说的差不多,0.2620413183199368,不喜欢
正品，很好用容易推开,0.9582046068992549,喜欢
巨好用，超级喜欢价格实惠。,0.7691997265966384,喜欢
一直在关注的锅，轻便好洗用煎鱼蛋饼特别适合。而且比实体店宜,0.999014846395052,喜欢
使用感受：很保湿，滋润,0.8688835546777073,喜欢
适合肤质：我是混皮,0.7532544304107232,喜欢
吸收效果：很强,0.888753673865495,喜欢
保湿效果：不错,0.8809447545973716,喜欢
其他特色：大品牌,0.8609919040826202,喜欢
一直用，活动时期很划算。,0.9790064609743705,喜欢
"""东西便宜， 质量好物美价廉,买的放心又开这真是上瘾节奏啊根本无法停下来品类多而且齐全划算方快捷实惠包装没有任何破损简直消费者福音会一支持去可以足不出户懒人就能购到日常生活吃喝玩太合适过了古舟子""",0.9999501187856051,喜欢
物流实在太慢了，整跑1天东西很好用我刚下巴上长三个超级大痘又红疼两就憋去也不喜欢雅诗兰黛。,0.8459671338493359,喜欢
已经买过3次了，赶上活动时入手非常合算使用后感觉吸收效果好以还会继续购的。,0.987885307773299,喜欢
一直用小棕瓶，很好吸收大罐的起来心理作不疼爽,0.2549003739897514,不喜欢
宝贝收到了，和描述一样很喜欢凑单买的没想质量跟专卖店特别而且价格优惠是正品信赖商家感好也适中无限回购！以前直都在实体这次选择网上不光还发货快已经差多问题关键合里放心评,0.9998916733197803,喜欢
吸收得很快，是正品。物流也比想象中,0.9894423872619128,喜欢
新年活动价格很优惠，值得囤货！经常关注日必需品的信息力度大就下单送朋友自用都实。美国旁氏公司产地UK发快清速也,0.9893931134673621,喜欢
精华非常不错，而且比其它家的都优惠以后一定来?,0.6938142317747983,喜欢
母情节买给妈的生日礼物。第五代比六便宜一点，但是效果都差不多性价超高,0.9999069849687663,喜欢
很好，物流快东西给力性价比高！宝贝确实棒个人非常喜欢朋友也说来着推荐购买产品质量客服务态度特别评,0.9999828682321114,喜欢
家中必备的化妆品，我只用这个牌子精华它对干性皮肤保护非常好,0.777957210924079,喜欢
很好用的精华 一直现在不出去了就接网上买,0.480261016722734,一般
年货节活动真的给力，加上京东神券到手价简直太优惠小棕瓶新包装也很喜庆。最近囤了不少精华,0.9532020689713082,喜欢
总体来说，确实很不错客服的务态度也棒话几乎马上就会回消息物超所值真心推荐宝贝个人非常喜欢朋友好着购买品质?性价比较高商亲可以直接下手要犹豫哦,0.9999971647787098,喜欢
不错哦，我一直在用这款双十买的很优惠?,0.970536781561437,喜欢
毫无疑问的正品，价格便宜性比相当高啊。自从十年前在香港sa买过东西之后一直很信赖这个店铺只卖公道专柜太多了质又没有什么题所以都是网化妆真实惠款愧明星产用说好赞,0.9999999431762844,喜欢
吸收效果和保湿非常明显，适合所有肤质母亲节买给妈的很喜欢,0.8950637877388046,喜欢
很好用，给媳妇的说皮肤都变了。京东划算,0.6733234524908778,喜欢
非常好的产品，一直很相信京东年续费会员速度快有保证让人买着放心。不论是吃还喝日用和电器我都选择特别疫情期间帮了大忙所以支持你,0.981566647342401,喜欢
很好的小棕瓶精华，国内柜台无货10ml妆价格也实惠真品感满,0.9240086191062931,喜欢
相信京东国际，在莎买的活动价很划算,0.9695151600229515,喜欢
在京东客户端成功购买了很多商品，物超所值哦流服务周到细致第一时间安排发货速度快递哥送上门赞?,0.9998555097106865,喜欢
吸收效果：超赞,0.9634590938403365,喜欢
适合肤质：还好吧，尤其冬天皮偏干,0.6713184861686362,喜欢
使用感受：很润，好吸收,0.9408426809093792,喜欢
用了一段时间，感觉非常好皮肤状态变得挺的稳定,0.9840079284881561,喜欢
做活动买的太合适了，开心得不行。精华非常好包装也莎果然是大品牌?,0.8987102156978476,喜欢
很久没有用雅诗兰黛的精华了，快递赞一个东西也不错再,0.9980492492877766,喜欢
收到货，第一时间拆包装质量非常好与卖家描述致完全超出我的期望值很仔细、严实总来说这次是满意购物感谢。正品价格低性比高美廉有所朋友看了都客服务热情流给力快递信誉发速度也更别惠多态特会再光顾不思评晚店东西喜欢！买个送人她下还真乎料祝生兴隆刚点懂得该怎么使用咨询没想介绍宝贝产和页面写基本从头尾级解答疑问厌其烦认关键而且赖!便宜~新记通知继续注推荐掌柜,0.9992759601580473,喜欢
包装很好，是正品赶上有活动价格合适。涂吸收期待效果中,0.9975232455515988,喜欢
"""客服态度很专业热情，有问必答,回复也快都会认真我这点向表示由衷的敬意收到时候包装完整下次需要还再来麻烦掌柜给个优惠哦!""",0.43243117216409177,一般
不错，是正版喜欢的朋友可以快点入手比实体店便宜多了。整非常,0.9921821475132702,喜欢
"""我是忠实的京迷，一直plus会员质量可以说非常好了与卖家描述完全致满意,真很喜欢超出期望值发货速度快包装仔细、严物流公司服务态运送次购""",0.9399671340326108,喜欢
不错，和之前免税店买的味道一样五星好评非常！想到那么快就了,0.960580944939524,喜欢
"""质量非常好，与卖家描述的完全一致满意,真很喜欢稜超出期望值发货速度快包装仔细、严实""",0.9905776478906978,喜欢
使用感受：非常好的产品，一直很相信京东年续费会员速度快有保证让人买着放心。不论是吃还喝日和电器我都选择特别疫情期间帮了大忙所以支持你,0.9988389130333569,喜欢
一直购买这款，质量很不错性价比也高体验好还会。,0.9997211299410025,喜欢
还没用，莎给退差价非常不错五百多块买10ml精华超级划算,0.0810415401933261,不喜欢
昨天就收到了，包装严实还没用应该不错顺风快递非常给力！,0.561195585666882,一般
宝贝收到了！用着很好，应该是正品吧相信京东,0.9917371099992791,喜欢
一直都用这款精华，真的超级好。现在活动价买便宜,0.9776777718811756,喜欢
发货很快，已经收到了商品和描述的差不多质量没问题关键价格也合适在这里买还是放心好评！超级划算,0.9855166833319762,喜欢
"""雅诗兰黛（Este Laudr）特润修护肌透精华露,价时买的，物有所值""",0.9989106250594536,喜欢
很棒?商品收到了，包装得好物流非常快客服态度积极有问题及时解答！总体来说满意,0.9485556554915417,喜欢
雅诗兰黛的小棕瓶精华收到了，价格很划算而且物流也非常快喜欢在京东上购正品有保障还实惠嘿,0.9999577654868855,喜欢
第一次在莎买东西，也是用小棕瓶赶上活动的价格很划算相信卖应该正品.,0.9589430328439409,喜欢
东西收到了，看着不错物流很快服务好下次继续光顾哦,0.9846144656360647,喜欢
发货很快，坚持用着看吧不知道有效果,0.8748285606763321,喜欢
618买就是划算很好用。,0.7834324297674344,喜欢
物流超级快，产品与实一致找懂得朋友看过免税版美价廉东西好用真的值推荐,0.9458301233921081,喜欢
京东上竟然有sa旗舰店，而且价格非常合适我买了之后就降卖家还把钱推给真棒,0.030034652987725563,不喜欢
非常好用，第二次买了,0.48016958252112873,一般
适合肤质：混型,0.8296720959761847,喜欢
使用感受：绿茶味,0.4021253926851772,一般
使用感受：效果很好！,0.925129802943494,喜欢
吸收效果：很好！,0.8794225942448934,喜欢
保湿效果：很好！,0.8082831117851146,喜欢
已经多次从他家买了，现在物流快很希望越来好！,0.9244162257640762,喜欢
用这款产品十几年了，在家购买N次质量好价格便宜很多！,0.9533534596144965,喜欢
莎还是很值的信赖，我所有化妆品都在各大网络平台买这款一个月前了六代50ml觉得不错以趁着活动囤百,0.998951531434006,喜欢
好，价格相当给力老版很经典感觉比新更用,0.9689452767093861,喜欢
价格超级实惠，三八活动太棒了。爱！物流也很信赖京东sa,0.9999037045423348,喜欢
是真的，包装也很好精华液一直都在用这个牌子大品,0.6390910205341371,喜欢
一直在很雅诗兰黛的眼霜，非常好用舒服,0.9930466466770732,喜欢
非常适合夏天的我，不;由腻易吸收太爱了,0.45230811510691527,一般
早晚都在用。的特别快些，效果是不错哈,0.9169904081864209,喜欢
第一次用，感觉很舒服淡的中药味。,0.7006544795945707,喜欢
已收到货，618活动价格实惠保质期也很理想。物流快！,0.9288691905527523,喜欢
使用感受：以前都第六代，很舒服,0.9467227343212241,喜欢
适合肤质：都,0.856788675620798,喜欢
一直喜欢在京东买西，产品质量有保证速度也快。服务很好,0.9841108408291545,喜欢
质量超好，脸上滑的婴儿般感觉。,0.4554589583395342,一般
很不错，价格合适是真品,0.924079953736748,喜欢
非常好，涂一晚第二天起来就很滋润目前用过最的精华没有之,0.6229097570195462,喜欢
东西收到了，包装非常好味道不错保湿效果用着很舒服也油腻感觉,0.6345739478499183,喜欢
非常好，我一直用雅诗兰黛的护肤大品牌值得信赖,0.9998705329623264,喜欢
很好用，开始抹上有点黏但是吸收快,0.3651869772173376,不喜欢
用过，没感觉到特别好或不个人选择！,0.5191064572950488,一般
应该是正品吧，价格超级合算569元到手10ml适维稳。,0.9772266457279226,喜欢
退了差价 完美英版的感觉做工没,0.14348383974672807,不喜欢
很好的乳液，能改善皮肤。,0.741227796298763,喜欢
用了一段时间，效果还是很不错的。趁优惠囤几瓶,0.9836880597001308,喜欢
价格很实惠买来囤货，不是美版长期使用待效果,0.5481389471052192,一般
挺好的，官方旗舰店正品可溯源质量很双十一价格划算,0.9927414037014136,喜欢
做活动买非常划算，一直用这个效果不错。,0.9859100476733855,喜欢
到货很快，爱人就用这个品牌喜欢。不错的购物体验,0.9993608453962936,喜欢
第一次用七代，期待效果快递很严实速度也蛮的～,0.686642083327648,喜欢
正品，东西很满意使用后看效果继续加购。,0.9407666506660138,喜欢
趁着做活动买的，价格实惠送给妈打礼物她很喜欢,0.9931286202701421,喜欢
使用感受：效果不错,0.9559210419680003,喜欢
适合肤质：大部分人,0.8606355155435075,喜欢
非常喜欢，好用是正品值得信赖的一个产还会回购。,0.997049045149481,喜欢
保湿效果非常好，期望能有更加的?,0.5700292734157707,一般
给妈买的，问了她说很好用润擦过皮肤舒服,0.24651434859030597,不喜欢
刚收到货就试用了，颜色味道和专柜买的都一样是正品这个价钱很划算平时去香港也会莎护肤。,0.979236803877299,喜欢
买了很多次，做活动是价格美丽新鲜赞,0.9969267140727229,喜欢
宝贝很好，物流快性价比高值得再次购买。,0.9992262250034477,喜欢
非常好用，了一个月效果明显。,0.6079095094875956,喜欢
小棕瓶精华真的好用 会一直回购,0.29634050170497594,不喜欢
吸收效果：很快，保湿好提亮肤色,0.9418221309005538,喜欢
已经回购无数次，皮肤状态还是很稳定,0.6206716162877077,喜欢
物美价廉，买值啦下次还会光顾也推荐给其他朋友来。,0.9310471958176538,喜欢
不错，价格凑单多买两件很划算毕竟小棕瓶是可以常备的东,0.9761851309658508,喜欢
在莎买了几次护肤品，感觉是正包装很好。,0.6720832318964586,喜欢
精华液选择是正确的，很不错。,0.9729361931781086,喜欢
活动价优惠到家了，很喜欢信赖京东sa,0.9982303807926203,喜欢
一直在京东购物，方便快捷价格宜流很,0.9694378965552456,喜欢
这款精华用了很久。,0.883802868127978,喜欢
划算，,0.8024691358024691,喜欢
使用感受：好,0.813445173465744,喜欢
价格太棒啦，希望多做活动,0.9639651853048837,喜欢
活动不错，性价比很高囤货大碗经常会两瓶备用。,0.977463273829132,喜欢
雅诗兰黛一如既往的小棕瓶，老婆非常满意活动价也还不错。,0.9998553304782856,喜欢
跟在专柜正品一样，而且价格还便宜很多！支持你们,0.9724651466104828,喜欢
瓶子设计很喜气，挺好看的。,0.7560413408139911,喜欢
很不错，物品满意好。,0.9433141736265432,喜欢
送朋友的，超级喜欢瓶子漂亮。效果好,0.8754387377642754,喜欢
快递很就收到了，接下去勤点希望能改善皮肤,0.15901698163975786,不喜欢
很好用，长期使效果不错。,0.9776984217170378,喜欢
使用感受：吸收很快,0.9354230940985897,喜欢
保湿效果：非常好，至少华东够咯,0.9537522596782552,喜欢
吸收好，保护皮肤非常到位。,0.9191879541444873,喜欢
买了三个东西，这是唯一没有被税的率太高！卖家很好正品,0.8813155753437034,喜欢
挺好的，物美价廉跟专柜一样香港买也。,0.9814192818008286,喜欢
还没有用，期待使效果双十一买的价格很不错会继续购。,0.9786625560708221,喜欢
老顾客，买过很多次东西搞活动就屯一瓶满意,0.18347094361636918,不喜欢
超棒 值sa活动给力东西很好,0.9779519887489564,喜欢
第五瓶，价格越来实惠觉得它朴无华了。,0.7699030048775108,喜欢
性价比可谓是很高了 小棕瓶吸收也非常不错哒,0.9934768934723127,喜欢
活动买的超级划算，新版还没用过,0.7734648924817129,喜欢
第一次用小棕瓶 吸收特别快不闷痘而且价格合适代购都没有这么优惠,0.9316683711215333,喜欢
买过好多次了，真的特别价格也非常美丽,0.9611025767284772,喜欢
正品，莎太棒了。618力度全网最大物超所值,0.9921379935084569,喜欢
特别号推荐大家购买非常不错哟，物流快,0.9649643927400265,喜欢
全进口的，用起来皮肤很紧致柔软,0.9140374045415162,喜欢
第一次在莎买东西 ，四天就收到了。速度真的快,0.6639126208535683,喜欢
秒杀价格特别实惠，莎货品值得信赖。,0.9994988932105182,喜欢
东西收到了，很好！物流也给力,0.6391571649127257,喜欢
价格很划算，大瓶够用久了。,0.593492512458102,一般
超级划算，物流也很给力一次屯了两瓶。,0.5976772896673104,一般
很好，不错满意。,0.977047951330217,喜欢
产品不错，服务很好价格优惠还会回购,0.9024580204690579,喜欢
好用非常,0.6558628208940429,喜欢
物流快，东西正品。而且价格很优惠,0.9703453004007361,喜欢
价格非常划算，等用了再来评效果,0.6729850915763576,喜欢
趁着女神节特价入手的，格别值。,0.9406975279356775,喜欢
买了很多次，感觉真的好,0.730870306719257,喜欢
活动期买到那么优惠的价格，很开心。,0.9247996296985211,喜欢
货品收到，包装很好感觉是正,0.6853423601066235,喜欢
使用感受：这款产品了几年，觉很棒！,0.986918190656263,喜欢
适合肤质：好,0.9027548944768423,喜欢
除了物流不是很快之外，都非常满意。,0.9756834252331883,喜欢
物美价廉！很快，喜欢在京东买西,0.987048942758568,喜欢
很好的一次购物 比预期快多,0.95199863762672,喜欢
发货很快，确实是正品完美谢,0.9974519333802094,喜欢
包装很好，还没有用应该是正品,0.9470007338883241,喜欢
东西收到了 很不错，超值。,0.9902020377965963,喜欢
挺好的，很滋润吸收,0.9561037618977798,喜欢
性价比超高的一款商品，值得入手,0.9998630205520205,喜欢
sa每次搞活动我都会买很多，给力,0.594095011814297,一般
买了两瓶，颜值还很高第说,0.40827710552471574,一般
一直使用这个品牌 很好,0.8887858067543097,喜欢
比超市便宜，送货也快在家点一就上门了网络时代真的是太方啦！而且到停车不还用哼哧拎回,0.1755597311244378,不喜欢
包装很好，速度快活动给力,0.959160508924984,喜欢
正品无疑，活动购买超级划算了,0.9895025038960951,喜欢
产品收到很满意，发货速度也快！,0.9358201820395594,喜欢
618 活动很合适回购好几次嘻,0.3400108400214863,不喜欢
很划算 10ml也是保税仓发货,0.7201807656951916,喜欢
没有被税，东西非常正。家里还这个是备货下次继续哦！,0.8848646432865166,喜欢
帮朋友下手的，超值价格非常满意。,0.993733144812047,喜欢
很好是正品，终于用上第七代了,0.9263660563113578,喜欢
很好用，价格也特别划算,0.9547463644135796,喜欢
活动的时候价格还是很实惠,0.9683159731659983,喜欢
双十一抢购的，物美价廉超级值,0.9504352873009089,喜欢
很好呀，便宜喜欢雅诗兰黛,0.9965364922797868,喜欢
京东自营，物流很快值得购买！,0.898991418907152,喜欢
母亲非常喜欢，用了一段时间也没过敏。下次继续购买,0.8777722598007571,喜欢
很好，趁活动买太划算了,0.8967680775849018,喜欢
正品 很好又实惠,0.9923442362241098,喜欢
查了是正品，生产日期很新鲜。,0.6553303554950138,喜欢
朋友推荐的，据说效果很好用一段时间再评价怎么样！,0.9251155439345549,喜欢
一直以来都很喜欢的、,0.826817525258948,喜欢
还可以会买，不错都很好,0.965138459169376,喜欢
是正品，用着很好吸收。,0.9858479545567518,喜欢
老客户了，十分优惠非常满意,0.5737789347047011,一般
东西是真品，价廉物美。好评！,0.43430173889865964,一般
东西不错，正品物流也很快,0.9931914419102726,喜欢
已买多次了，保湿恢复非常好,0.4058191512046615,一般
送女朋友的 很喜欢,0.886379236200025,喜欢
没想到这么快,0.6131666971827385,喜欢
非常好,0.6558628208940429,喜欢
物流很快，经常在京东买西,0.9184039944012479,喜欢
很好 这个价格优惠,0.815860983490176,喜欢
是正品，男友说很好用,0.33142720838621376,不喜欢
性价比超高，物流非常方便,0.9970842751024892,喜欢
应该是正品哦，物美价廉。,0.9519383122671627,喜欢
6.18买比之前的便宜很多,0.9185152896835066,喜欢
客服很耐心解答问题，不错,0.7584753140508356,喜欢
修复能力杠～很喜欢，已经用半瓶了,0.7147074468026953,喜欢
物美价廉，和之前买的一样,0.7736514305403268,喜欢
超级好用，吸收神速啊,0.7463785047759527,喜欢
价格便宜，很划算还没拆。,0.8556808734447313,喜欢
价格很美丽，物流快。,0.9792552410794817,喜欢
物流很快，好不错！,0.9860684153479666,喜欢
非常棒 速度快质量优。,0.9989969154181744,喜欢
一直用这个产品 很好,0.7853504415636449,喜欢
送女朋友的，她觉得很好,0.8646506662090699,喜欢
这个价格也是超级划算呀！,0.7761913771803122,喜欢
很不错、就是等的时间久要十几天,0.8901334328057287,喜欢
快递很，质量也不错！,0.7413889042077554,喜欢
非常好发货快完美！,0.9445541001576703,喜欢
微信扫一来自美国。回购商品了，希望多搞活动五分,0.9767042953562983,喜欢
效果很好。是正品活动合适莎粉,0.9917459122258707,喜欢
活动时购买性价比很高,0.9875079046485907,喜欢
份量很大，值得购买！,0.8428483524010439,喜欢
囤货的，跟我比了一下应该是正品49买很划算,0.9905044561365832,喜欢
多次购买了，东西很好基本不去超市,0.8547472134712208,喜欢
周年庆抢到的，超级划算经典护肤大牌值得拥有。,0.9999593345693516,喜欢
一直都在用的小棕瓶，很是好。,0.6117960089873078,喜欢
产品非常好，满意相信京东支持?,0.8822677365244549,喜欢
东西很好，正品保障但有税啊,0.985164580849143,喜欢
好用，真的还没退,0.2633900212041066,不喜欢
物美价廉 就是快递太慢啦,0.1919916004601515,不喜欢
妈非常喜欢，就算很长时间才到,0.722741811228531,喜欢
很划算一如既往的好用,0.9865191383649636,喜欢
一直用开，很不错喜欢,0.9255348046288479,喜欢
非常好用，是正品。,0.9114640284716303,喜欢
价格很优惠！搞活动给力,0.532939031323757,一般
小三很喜欢 一直在用的,0.5121658507263165,一般
用得很好 会回购的,0.7806208808323011,喜欢
很好。跟我在专柜买的味道一样,0.6681286098922923,喜欢
第一次在莎购买小棕瓶，活动价格589元可以3期免息性比不错?,0.6550802744453247,喜欢
第一次使用7代小棕瓶，玻璃对比6质地变稀因此颜色稍浅。的效果个人后较认同明显皮肤紧致修复力好应该是更?了两天早晨细腻柔软,0.9617488519223519,喜欢
说产品本身，我认为是正无疑塑封包装底部还有莎的贴标打开瓶Made inU.K?,0.0011199904612446687,不喜欢
?总之，后期会选择一直回购&helip;,0.8032676762620489,喜欢
怀着忐忑的心情买了这个小棕瓶，昨晚到货后马上用一下今天来写评价。没有塑封外面里也包装完好光滑觉得粗糙香味质地感都还正常使受吸收保湿效果人是品活动格划算,0.9478382476022343,喜欢
物流挺快的，是否正品我没研究过如何区分收到之后挤出一滴闻了味道好像跟现在用差不多。希望吧,0.9902282367782878,喜欢
除了气味不喜欢，其他都挺好滋润油腻混干冬天用也很价格实惠,0.4117314183111611,一般
应该是正品包装，印刷整齐字体清晰味道也对没什么问题另外听说欧美的配方比国内要好运输中有发生泄露之类。,0.9496258719121952,喜欢
包装很仔细，用了泡宝贝还没使但是盒子上有莎的标签应该正品。之前在也买过雅诗兰黛石榴水小棕瓶眼霜都挺好这次京东618活动力度大价格实惠多屯几划算啊哈希望再点老粉,0.9943738217237162,喜欢
，无论是瓶身气味液体还外包装应属正品抗衰老靠你了可爱的小棕。,0.7222852673735721,喜欢
10ml的第七代雅诗兰黛小棕瓶，一子不到7元比专柜便宜少呢了多用起来感觉差应该是真脸上和身因为还较可以也心疼物流蛮快错。,0.22416876108658224,不喜欢
闻了下味道，和之前未用完的产品做比较起来差不多瓶子还是挺有质感。,0.37257578248869294,不喜欢
双十一购买，性价比还是较满意的。开始看到许多人说不正品有点担心收货后就试了下只能黑子非常讨厌总体来,0.9960824794321705,喜欢
用了相当一段时间才来评价的，618领大额优惠券买到手359对比几平台这个位算最实就是发货太慢等起码星期还不错有股黑糖味道好吸收油腻肌肤紧致些会回购,0.012755605673646642,不喜欢
新春包装都是产地比利时吗？那单词意思不认识。这瓶买来囤货的因为赶上活动真便宜有史以最一次还送了个化妆，收到打开闻下味道没问题希望后多做福大陆同胞我们和香港永远心连,0.0036329046339743654,不喜欢
我感觉和以前用的没有什么区别，应该是正品完皮肤挺好；之也在其他购物平台上买关于否可能还得需要去专柜验证一下,0.9912454532793105,喜欢
第七代小棕瓶比之前的更稀一点，味道还是熟悉好吸收加滋润其实适合干皮混油冬天不错,0.7220961688385243,喜欢
用过几支，第一次在京东买希望直好。没拍照片看背景,0.8569659617097537,喜欢
小棕瓶已收到，用了几天才来评价。保湿效果好不腻是正品,0.7280240638732862,喜欢
京东物流还是不错的，包装就太简单了好没啥大事~价格美丽618活动值得入手效果呢在观察用起来有良反应,0.9999349249780904,喜欢
媳妇说跟之前用的专柜买没区别，是正品无疑一直小棕瓶限回购。,0.08504196933369013,不喜欢
一直在用小棕瓶，七代子变方了还不错快递也挺的618活动购买值^ -,0.09182275569416343,不喜欢
第一次给我女盆友买这个，她非常喜欢。吸收效果杠的适合所有肤质就是点小贵觉得切都值其他等用段时间再说吧！,0.8347451784792703,喜欢
对比了网上的真假分析应该是正品，因为我手有一瓶六代七还没用过浓稠点50多买到挺划算,0.9949149065588648,喜欢
跨度时间够长，本来以为一个月的应该能收到货了结果我都出国家里才这瓶&helip;还不错给母后大人用。,0.6198027628518556,喜欢
已经回购很多次了，以前买的都是小样用着不错这刚好618就正装还会一如既往评！,0.9607081262132399,喜欢
这是我最爱的一款精华液～小棕瓶，年四季都用它滋润保湿好吸收从未打算换过想会直宠。,0.984825588857332,喜欢
东西收到有一段时间了，特意用才来评价的。首先我不会辨别真假是姐介绍这家店给她直再相信所以买感觉吸挺好油腻太大改变也看出坚持吧还京,0.12124724520771113,不喜欢
挺好的，一直在用了皮肤光滑细腻坚持会很放心购买吧！,0.995714132308622,喜欢
一直有小伙伴推荐这款精华，终于按耐不住好奇心买了～点粘稠类似米黄色的吸收刚用三次还没什么明显感觉坚持段时间之后再看效果。香港发货到两个星期邮政速度也可以,0.96191052402147,喜欢
第二次买sa，比一感觉好些。快递包装有改进618便宜的还没,0.04747975872923538,不喜欢
还没用，不知道效果好滴到手上试了感觉错吸收保湿都挺的,0.7645800455956472,喜欢
雅诗兰黛小棕瓶特别适合晚上用，质地有点粘稠但是铺在脸又很容易吸收。最主要的功效就维稳修复大家都推荐价格方面嗯日常比较定相信青春吧肤说油性我觉得挺广,0.9999997366774983,喜欢
一直用的款精华，趁618囤货收到后赶紧和现有对比是真而且发快需要下手吧,0.3706144560021847,不喜欢
收到货了，双层包装打开产品质量应该满意上班晚回去就用我这个牌子的几瓶如果好下次你家。,0.03427540728991729,不喜欢
小棕瓶用了好多年，一直以来感觉还不错虽然与此同时也在添加其他的护肤品使可是。这次京东价格比较美丽本着囤货精神又入,0.9954616401418277,喜欢
使用感受：有点贵,0.6825249280888823,喜欢
适合肤质：都行,0.8679068445947873,喜欢
吸收效果：挺快,0.9305964048548079,喜欢
其他特色：说英国出的，和上次买感觉味道一样,0.8316250985355624,喜欢
第一次用，有点粘稠感吸收还行可能因为油皮习惯了其他清爽这个反而觉得多余,0.7626833541132853,喜欢
第一用这款精华，所以选择京东购买也相信莎的好再。,0.9247692465869825,喜欢
应该是正品吧，味道闻起来和在专柜买的至少差不多还没有使用过看。,0.5963837635222015,一般
第一次购买使用，个人感觉味道不是很好。起来保湿效果还错的至于其他目前没看出,0.5654579630602752,一般
这是第六代小棕瓶，感觉抗氧化能力还可以涂上去蛋清的质地比较浓稠期待买七产品来试一下对,0.7805845289988542,喜欢
看着不错，旁边是我之前在专柜买的。,0.8448223493629478,喜欢
第一次在网上购买莎化妆品，物流很快就是到货后有个包装盒没盖好并且塑料薄膜担心否正,0.5534129165563564,一般
用来囤货、这次活动价格确定给力，是正品对于了N瓶的说一看就知道日期20年六月份。,0.18815875286514783,不喜欢
是正品。相信莎，雖然物流有點慢但值得等待而且年貨節的價格非常美好已經買了三瓶啦！囤,0.9379431174947616,喜欢
送女朋友的，相当好看主要是这个外观让人爱了用心查一下也正品放,0.998250322346851,喜欢
瓶子换成玻璃的了，好高级样找商家退差价很日常护理还是可以,0.0030510944068922186,不喜欢
上次买的一直在用，挺好。看价格很囤货中只是这代码w开头不知产地哪,0.8509796355548136,喜欢
第一次买雅诗兰黛的七代.直在用六今天放起对比下高点感觉和差不多没什么区别着挺滋润相信牌子,0.9902858391647894,喜欢
京东活动看到的超优价格，信赖小棕瓶品牌和质果断下手拿因为了解香港莎连锁化妆一向惠加上背书。就是物流速度有点慢从单收货大概共8天左右中间也遇新联系客服响应很快顺利决问题务赞,0.998103125834973,喜欢
还可以啦，品牌不错价格适中值得购买推荐。,0.9989243222860589,喜欢
味道不错，应该是正品,0.95788182261015,喜欢
适合肤质：应该可以,0.844004767426332,喜欢
使用感受：一般都可以,0.7375371471408148,喜欢
吸收效果：没问题,0.5304750155401913,一般
其他特色：无,0.6254026961395347,喜欢
双十二香港莎店优惠活动中购买，价格多。从下单到收货共5天时间也较快,0.5270631389337153,一般
使用感受：滋润不油腻,0.3463378143873277,不喜欢
适合肤质：什么都,0.856788675620798,喜欢
吸收效果：光滑的特别清爽,0.7989652610519901,喜欢
保湿效果：好，夏天涂上不干,0.07943731157873324,不喜欢
不错！ 查了一下是正品价格真的优秀哈,0.9872440366584221,喜欢
用着不会油腻，活动优惠买了两个发货地杭州下沙,0.06726274434637503,不喜欢
肤感不错哦，应该是正品的气味和质地了英国版本,0.9995668802156419,喜欢
用后皮肤滋润光滑，保湿效果不错。趁着活动囤了两瓶唯一的缺点是质期已过大半,0.9454292642038491,喜欢
虽然等了一段时间，但这个价格、颜值还是得待的,0.7006935058618188,喜欢
用了几次，感觉还可以比六代好推开一些应该是正品6.1活动价真香,0.998453778344712,喜欢
小棕瓶真是油皮救星，就自营店的价格有些&helip;。这家相当美丽而且到货快看包装、闻味道都与正品无异等用了再追评如果没问题以后会经常来,0.36149192681097453,不喜欢
帮同事买的，她说跟之前用在气味质地方面都一样。给个赞,0.8261041075293072,喜欢
第一次用小棕瓶，感觉真是不错大牌就啊以后会继续关注的。,0.9854593976294461,喜欢
买的时候心里惴不安怕像评价面说有问题，到货后试了下味道质地都和以前用一样我觉得没这是过最值次哈。悔屯少,0.14035527386146196,不喜欢
放在购物车好久了，趁618活动价入手的优惠力度大真香,0.9424453002101286,喜欢
一直用这款的，以前都是在免税店买今年没法出国只能网上了价钱还可比之贵点吧接受。,0.39428631657493096,不喜欢
即时修护，均匀肤色立保湿预防衰老抗氧化。ANR自1982年以来的美丽传奇批号查询日期还剩个月nice！,0.9896074045359975,喜欢
刚开始看着外部觉得有点假，可是闻了味道应该正品后面经鉴定为真。这个价格抢到非常划算只要质量保证肯会再次购买哦好评,0.6529022109717455,喜欢
油性肌肤或者T字部位的话，不推荐用闷痘&helip;改善色效果还是好,0.888794974065547,喜欢
感觉还不错，用起来挺好的物美廉价哦以后有活动告诉我,0.9424596067857998,喜欢
脸部精华当然还是首选雅诗兰黛，好用已经第二次购买了,0.999811767519868,喜欢
小棕瓶收到了！这个价格买正品太开心啦,0.6372244747075722,喜欢
这一款修复精华液，老婆用了好多年特别喜欢。很适合她的皮肤吸收效果也过以后光滑保湿不错能天而且觉得油腻拿到手包装美致原进口价格贵似乎降,0.9965689349632619,喜欢
30岁老阿姨的最爱，都是她家顾客了一直在使用雅诗兰黛小棕瓶真超级好修复皮肤特别即晚上熬夜也没事第二天那么难看吸收到脸不刺激鉴定过正品比免税店便宜价格实惠物流快态度就认准这神仙铺！,0.9961206538087641,喜欢
超级好推开，易吸收用完感觉眼部有点微凉很舒服像是在给周做SPA我还会定期搭配按摩仪一起针对黑圈的淡化极功效大概20多天就明显改善非常促进循环可以预防细纹及N瓶回购使这么久没脂肪粒光泽滋润适于任何肤质和年龄,0.038608879654771,不喜欢
雅诗兰黛小棕瓶精华，可以改善肌肤暗沉、干燥粗糙和细纹等症状减少的压力我是沙漠皮希望坚持使用补水保湿效果能好。据说夜间修复功不错对于熬产生衰老缺现象有很缓解作这个觉得长期会明显吧工半白班先一看,0.9917464022001979,喜欢
吸收效果很好，味道也闻淡的用完水嫩！保湿,0.7143193840208976,喜欢
很好。不错，用完皮肤感觉滋润摸起来手痘也消了的明显改变,0.9996020492314351,喜欢
适合肤质：很舒服,0.9536417091045596,喜欢
使用感受：很细腻,0.9482627695416687,喜欢
小棕瓶精华液注重全面修复，抗初老还有氧化。今年25岁开始用觉得刚好在肌肤时期使雅诗兰黛可以效的抵衰现象改善皱纹和不断症状一定消炎杀菌功如果脸上痘粉刺适当就达到很部,0.9999359289965877,喜欢
小棕瓶很好携手，10毫升的真不要太划算我每次可以挤两罐之前买是5能用了个月左右吧放开话应该三大家试还送一只口红虽然没有但看着精致心情也呀,0.9925971170674767,喜欢
使用感受：药味很浓 但是闻着舒服正品跟之前在专卖店买的一样,0.9424792469768605,喜欢
适合肤质：我是混皮 可以用不过敏,0.2247359312225894,不喜欢
吸收效果：很好 ,0.8794225942448934,喜欢
保湿效果：冬天就靠他 现在面膜都很少敷但是皮肤还嫩的,0.9684433404713406,喜欢
其他特色：毛孔会变细 真的贵有道理,0.6330740843626347,喜欢
精华液感觉还不错，柔的手很好也湿润用了几天眼部有所改变皱纹似乎淡些我想这个得要长期坚持使才能看到明显效果擦在脸上滑一会儿干点紧绷种设计方法挺无污染节省。宝贝收外观款销量非常大以下先腕处涂是否过敏没问题话开始试后续再来追评五分送给卖家,0.13405166630522003,不喜欢
恩和一直用这个牌子，很舒适各种皮肤不错。,0.9853080665154237,喜欢
早晚涂一下，保湿效果很好。,0.49436265165201543,一般
也一直在京东买，信赖。,0.9702556901068211,喜欢
没查过是否正品，感觉和柜台上买的差不多。,0.37303255883321174,不喜欢
只是不知道为啥没有密封，很容易就可以打开了。,0.0053049827532077876,不喜欢
最后，感谢京东物流。,0.7272775249027407,喜欢
雅诗兰黛小棕瓶精华,0.9232758475534177,喜欢
白天强力抗氧化，阻隔环境损伤晚上净后修护大锁水保湿均衡肤色把握睡眠黄金段淡细纹减缓老 ?真的太好啦&helip;了～很用早涂和霜然两滴精华一整皮都嫩滑紧致以前品不样喜欢！,0.17911810812566853,不喜欢
使用感受：挺舒服的，,0.9295527378503059,喜欢
适合肤质：干性，,0.8296720959761847,喜欢
吸收效果：蛮好的，,0.8967765026694426,喜欢
保湿效果：超级好,0.6225457957229175,喜欢
其他特色：能干善肤,0.8668759799948539,喜欢
很好用。是正品送货速度也还能接受跟在旗靓店买的一模样吸收推开皮肤完滑软感觉滋润价格比便宜多真实惠满大瓶子装精华里面相和来说经济会继续光顾,0.9996830667962153,喜欢
这次是正品，上其他家买了一个回来验证假的又退选择。今天刚收到快递立马就下真直用雅诗兰黛款精华吸好我24岁皮肤光滑很多,0.614955859701414,喜欢
使用感受：吸收好，夏天不油腻,0.3652752021181971,不喜欢
适合肤质：我是混油性皮,0.9464580686664539,喜欢
吸收效果：瞬间,0.970592973410093,喜欢
保湿效果：很好，春季干燥起皮用来刚,0.7957871029418891,喜欢
是正品，很放心喜欢一直关注这家店下次还来买,0.9819026543585077,喜欢
经过试用确定是正品，好吸收很滋润真的非常不错价格也美丽以后就认准你们家了！,0.9994845898826051,喜欢
感觉应该是正品吧 第一次购买以前直都兰蔻小黑瓶药味很浓粘度比好点,0.5867232522301699,一般
第1次在韩悦家买小棕瓶，收货后真的是超级惊喜和满意！先说68活动价格给力而且大促期间发又准时快速香港还能比其他递再对评我用过很多正品不关键这个独立塑封包装得直播下单送兰蔻口红颜色特别适合肤总言之就等双候光顾了非常值信任好卖没有,0.4197613477103719,一般
发货很快收到客服耐心解答问题产品抹上去皮肤嫩滑好的一次购物体验价格非常合适,0.9339853514420318,喜欢
一直用小棕瓶，效果不说了段时间来评价很好618活动买的力度大。,0.11452324645577072,不喜欢
是正品，在专柜购买过很多次了一看就知道真假！放心使用有活动比便宜以后需要还会这你家,0.998924391323156,喜欢
不错，特地用了一段时间评价的油腻皮肤吸收很好,0.9818197056495839,喜欢
使用感受：还没，有发言权了。,0.9165155500863867,喜欢
适合肤质：正品雅诗兰黛小棕瓶大部分。,0.9959582075328306,喜欢
吸收效果：z正品雅诗兰黛非常好。,0.997616538550519,喜欢
保湿效果：正品雅诗兰黛很好。,0.9979982689852626,喜欢
其他特色：因为没有使用，也不会鉴定真假但比较相信简单全球购。,0.4607654295179583,一般
很多朋友都在推荐的一款精华，第次尝试商家出货快希望好用,0.974694148324932,喜欢
雅诗兰黛小棕瓶精华这个我好爱！主打的就是修复 很适合皮肤不太姐妹里面淡黄色有点粘稠质地滴管设计也卫生比较容易过敏时候用会特别痒更快已经了几之后回购他在安心?,0.6876995451352028,喜欢
使用感受：一直，万年推！,0.7828291803791998,喜欢
适合肤质：混,0.7430741293063005,喜欢
吸收效果：非常治愈,0.8608894452451501,喜欢
保湿效果：防过敏,0.1423031897077882,不喜欢
其他特色：稳定皮肤。性价比超高，也是唯一次炒鸡划算的买了好多囤货zhong.就难得遇到活动,0.9999808958420604,喜欢
是正品，一直都用这牌子效果特别明显。价格买到太实惠了,0.9762010933046648,喜欢
长期使用的一款精华，修复效果很好。本人是痘肌这非常友善时候晚上早起来会小多对发炎红肿也有印改皮肤状况坚持越,0.983930902646387,喜欢
第一次尝试小棕瓶，味道感觉好高级不能直接上脸滴几在手心捂热然后涂抹很容易吸收还保湿滋润续妆服帖&helip;,0.07574098584853328,不喜欢
吸收效果：很滋润，好,0.9292413194940015,喜欢
使用感受：是正品,0.9320998390596271,喜欢
之前三亚买过一瓶用，觉得很适合我的皮肤是干性了滋润容易吸收不油腻身边好多朋友都雅诗兰黛产品！,0.9876127564605789,喜欢
正品，舒服有效果很好用会回购的哦喜欢快下单吧,0.9919921087738095,喜欢
精华质量很好，涂脸上保湿滋润不油腻吸收快效果错温和刺激包装严实。,0.5187715990947219,一般
第一次用雅诗兰黛的线雕精华，挤出来是带金粉感觉算好吸收过分钟皮肤位置非常光滑皱纹变浅但在脸部边缘处确实有搓泥现象发生之前看到评价中也人这样想期待效果！抹脖子上就了,0.999977951287808,喜欢
关注这个家店铺很久了，也看多评价都是好。就下单试物流4天到不算太产品的日期挺新19年2月份支持专柜验货应该正昨晚用感觉错有股淡药味上脸黏吸收舒服希望效果一段时间再继续追,0.004788930759702881,不喜欢
非常好用，已经使几年了我是混合性皮肤面部质得到很大的改善光泽度,0.5542356444576156,一般
一直用这个吸收好！很滋润第次到新年装漂亮红火过大,0.9704690607210752,喜欢
使用感受：第一次雅思兰黛精华，让我有惊喜太好吸收了吧！点不油腻搭配眼霜非常,0.9758176761954267,喜欢
一直买他家的东西，是正品呦真划算很多值得大放心购满意次物。,0.9883260156546351,喜欢
非常不错 物流也很快上脸舒服信任的一家店铺东西是正品！,0.9846840486858499,喜欢
很滋润的感觉，吸收也好。一直使用产品,0.8500012121993047,喜欢
小棕瓶收到了，吸的特别好淡化细纹减少衰老价格很合理包装也看适任何肤质保湿哦,0.30815713264479005,不喜欢
满意的哦！我试了一下，非常好用是正品会继续关注,0.9848841905540571,喜欢
非常不过，包装精美用了之后感觉皮肤很舒服而且吸收效果好保湿也错。,0.9708195638034033,喜欢
使用感受：很好，舒服,0.9431124248636381,喜欢
适合肤质：都,0.856788675620798,喜欢
吸收效果：很厉害,0.682476217319668,喜欢
保湿效果：感觉还可以,0.6377799306123955,喜欢
其他特色：用了以后整体效果不错,0.983853315383191,喜欢
非常不错，敏感肌的必备日夜修护皮肤在慢变好。正品店家发货也快,0.9885925769883164,喜欢
使用感受：效果非常好，补水锁的很,0.702230524575527,喜欢
吸收效果：很好，用完一点不油腻,0.540046441852656,一般
很棒，大一瓶能用久了滋润跟在专柜购买的样。坚持使有定效果,0.931518319456414,喜欢
特意用了一段时间才来评价的 效果超好皮肤变得光滑而且透亮毛孔也小很不错,0.9981326837137507,喜欢
用过之后才来评价的，是正品吸收效果很好！店家服务态度不错没发赠也及时补了。,0.8582184165029161,喜欢
吸收效果：感觉挺好的，用了之后皮肤太多,0.843621472990863,喜欢
第二次购买了，之前害怕到假货后面鉴定是真的这七代也太开心会常,0.136443235343209,不喜欢
保湿效果超好，吸收快、滋润度高冬天入手这一瓶绝对错不了,0.95057491569873,喜欢
保湿效果：非常好,0.6944305636932618,喜欢
使用感受：棒哒,0.975338103230183,喜欢
适合肤质：我是油性，用了不吸收错,0.8019449953853116,喜欢
吸收效果：特别好,0.8450302674016309,喜欢
使用感受：特别提亮肤色,0.7407289993937666,喜欢
保湿效果：非常不错,0.8809447545973716,喜欢
使用感受：浓稠， 但又不油腻,0.09641367491257435,不喜欢
适合肤质：应该所有皮都可以吧,0.8632921622345969,喜欢
吸收效果：很不错,0.959591432689366,喜欢
保湿效果：也不错,0.8809447545973716,喜欢
其他特色：价时候买的， 后悔少了,0.5605054424903421,一般
使用感受：非常好 媳妇很喜欢,0.7177726049839698,喜欢
适合肤质：什么皮都好用,0.915505569861561,喜欢
特别好用，过皮肤水的保湿效果味道清新评,0.6568246506099975,喜欢
保湿效果：一如既往的好,0.9278529628617791,喜欢
吸收效果：非常棒 很快,0.9961353382592759,喜欢
使用感受：非常棒 滋润皮肤很有光泽一周美白保湿效果明显改善,0.9923495141335366,喜欢
使用感受：擦上很保湿，又细腻了半瓶有化毛孔提拉紧致的效果囤货中双十一买价格实惠七百多点,0.9855477537289778,喜欢
快递速度非常，是正品干皮的福音吸收效果特别好。值得入手,0.9995987140255068,喜欢
使用感受：了二十多天，觉还可以,0.536295597673925,一般
适合肤质：所有,0.844004767426332,喜欢
吸收效果：很好，易,0.8443412766001861,喜欢
保湿效果：干性皮肤的救星,0.5299888092317703,一般
最近跟风囤了两三瓶小棕，这家买精华和眼霜感觉以前用的差不多价格也实惠包装很赞未拆封过希望优就等官网双十一。,0.9910880072224372,喜欢
一直用兰蔻精华，非常保湿好,0.596845898978715,一般
真的是好用，晚上一次早起来特别舒服,0.8678109321351692,喜欢
果然还是它经典,0.7606837606837609,喜欢
很好吸收 味道闻,0.4768310084723203,一般
刚用 还没见到传说中的效果,0.70834010864152,喜欢
一直用这个，好。以往都朋友带第次京东国际买对比较信任希望是正品,0.9962951135244351,喜欢
吸收效果：非常好,0.7972179145349774,喜欢
其他特色：不油腻,0.2366909540240798,不喜欢
挺好的，唱不出来请618空白用构件可以非常价格也贵,0.23964173187611237,不喜欢
已是第二次购买啦。一直都用雅诗兰黛的牌子好，非常,0.9667437665635673,喜欢
眼霜、精华已收到，确实正品比体店还便宜宝贝很是满意一直热衷这个牌子的效果棒哒?,0.9946209474000062,喜欢
使用感受：保湿效果非常好，吸收快适合任何肤质爱了。,0.9952219001282979,喜欢
皮肤吸收感很强，细腻 推荐在这家店购买是正品,0.9930137069910344,喜欢
礼物以收到多天，也用了才来评价很好?完后我还会继续光顾卖家买别的东西是愉快购,0.7517810104669383,喜欢
太棒了，正品买好几款产都是！越来喜欢它们家性价高.推鉴,0.9991001947456554,喜欢
非常满意的还会再来是正品,0.9175253080392622,喜欢
适合肤质：我的大干皮,0.6394295642544251,喜欢
吸收效果：的很快,0.9371519929833392,喜欢
使用感受：味道有点刺鼻之外，其他的都挺好,0.4249543704183658,一般
保湿效果：挺的,0.7704092102180162,喜欢
其他特色：鉴定过了是真品，可以放心使用,0.31993733566560123,不喜欢
东西很好，用后效果明显是正品物美价廉非常满意比实体店合适多了,0.9969313753897113,喜欢
再一次回购，还是如既往的喜欢无论品质效果都很棒期待更好自己,0.9612950240536378,喜欢
给老婆买的，非常好。,0.7648259658110027,喜欢
使用感受：吸收特别好，包装很完无损、物流也快是正品来的评！,0.9765527539510547,喜欢
收到还没用，朋友说很好就买来一瓶试希望有的效果！,0.4285871973501161,一般
之前一直用的这个，次正好搞活动很哦卖家,0.6277927032714279,喜欢
一直在用这个牌子的，很好丝滑柔腻不干燥,0.839762101876275,喜欢
适合肤质：用后皮光滑,0.8796650132751753,喜欢
吸收效果：特别好,0.8450302674016309,喜欢
保湿效果：主要就是因为买的它。,0.5525041523209876,一般
很满意，包装好收到了效果不错值得推荐,0.9913613401525632,喜欢
好货不便宜，效果很非常满意,0.8510595676708897,喜欢
使用感受：起来觉很棒哦。不错的选择，店家服务态度也好,0.9901683151439432,喜欢
最近比较忙，才有时间评价是正品很好！,0.8315697720411193,喜欢
真哒，目前用挺好吸收快对干皮很友。,0.902672317305922,喜欢
中药味好重，很容易吸收皮肤亮了多,0.6104788553426562,喜欢
使用感受：吸收很快，保湿持久,0.9105583126211936,喜欢
适合肤质：干燥皮,0.8605257828613658,喜欢
适合肤质：混皮，用了十几年,0.7996274023035982,喜欢
吸收效果：很好 ,0.8794225942448934,喜欢
保湿效果：可以的,0.5697990682307114,一般
很好的宝贝，是正品用了几天感觉有变化,0.9925416025567264,喜欢
物流很快，东西收到也满意全五星好评。,0.8391093329557243,喜欢
东西很好用，我喜欢下次还来买,0.8817711480091142,喜欢
第一次给她买，很喜欢说是用我的变得更漂亮了哈,0.9574278551624635,喜欢
东西很好，符合心理预期可以考虑入手,0.954903003153118,喜欢
吸收效果：很不错～擦完感觉舒服我跟妈一人瓶，满意,0.9802832151192676,喜欢
商品收到，客服很亲切！下回还会在她家买东西谢?,0.713698165725506,喜欢
物美价廉 值得购买好用的很非常喜欢,0.9911720064793911,喜欢
吸收效果：特别快,0.8785015643142318,喜欢
使用感受：淡的味道,0.5220740969122984,一般
其他特色：手感润滑,0.8563698835403643,喜欢
是正品哟，很不错的商家下次一定再光顾1,0.7208759553001727,喜欢
很不错 需要这样的正品,0.9841734439217227,喜欢
适合肤质：很我的皮,0.9137531818398028,喜欢
很好，用后感觉不错的！,0.9446015377661957,喜欢
买来送礼，今天收到很满意。,0.5468749043268978,一般
非常满意哦，挺好的很滋润,0.9720357079768125,喜欢
一直都回购率很高的，家里常用,0.8947707944420573,喜欢
京东商城的品质量保证，很好,0.37849206659757606,不喜欢
多次使用了，效果很好,0.8437680784723763,喜欢
是真品，送给女朋友很喜欢,0.8144111762079854,喜欢
这是一个非常不错的品牌之,0.9279037278828727,喜欢
东西不错，快递很给力方便！,0.7443139555853822,喜欢
送货非常快，东西很不错,0.9704073335634836,喜欢
到货速度很快，下次继续会在这里购买,0.9561236894827171,喜欢
是正品，很好用?,0.9502455588345124,喜欢
吸收很快！应该是正品，,0.9715910824893046,喜欢
非常赞！绝对正品,0.9837062003823399,喜欢
一直用小棕瓶，上脸吸收好不油腻无限回购中希望卖家多点活动价,0.9106110969779116,喜欢
拍的照片给大家参考一下吧，个人收到了对比觉得应该是正品。,0.8820942543580441,喜欢
收到包装精美，看着不错使用了几次吸特别好感觉皮肤痘都少也光滑期待更的效果！后还会来你家,0.9997468256648447,喜欢
使用感受：刚开始小棕瓶会觉得油，了一段时间吸收比较好现在不可能是年龄大。,0.8294780911123626,喜欢
适合肤质：我是混型的皮。,0.8371729738343332,喜欢
吸收效果：用完第二天脸也没有油光。,0.22547775244339674,不喜欢
保湿效果：比较好。,0.6944305636932618,喜欢
其他特色：也用过小黑瓶，个人还是觉得棕比较适合自己的肤质10ml价格实惠。,0.9222813445843027,喜欢
第一次用，了两早上起来皮肤嫩的很舒服好就是正品吧只今天评价时看到又降,0.7072280051501261,喜欢
雅思兰黛精华液高能浓缩修复特润小棕瓶面部露是我喜欢的产品，已使用多次不知这在香港商家质量怎么样了再说,0.5915565181304944,一般
用了几次，效果不错吸收的挺好雅诗兰黛大品牌就是有每天早上洗完脸擦水乳后滴两可以管一抗皱,0.9837311533367706,喜欢
质感细腻，吸收的也很好用完后脸高架热就是觉不适合油性皮肤在夏天有点厚重冬特别,0.8861592394426541,喜欢
一直在用，不错。挺好哒正品减缓细纹,0.9725596261337945,喜欢
今天下午刚收到，打开瓶子看了一跟我之前用的样好正品无疑赞,0.8933735115145197,喜欢
收到了是正品，吸快深层修复补水能有效改善干燥暗沉无光泽粗糙细纹等皮肤问题,0.03451422221217726,不喜欢
收到了！以前都在专柜买，这次京东两瓶看着是正品试一段时间追评,0.7313714128666531,喜欢
吸收挺快的，保湿效果还行我是混合性肤质用着不错而且价格也很实惠。,0.999833216438422,喜欢
一直在用这款精华，618活动价比机场免税店还合适抓紧入手备货,0.9998172652025437,喜欢
哇，价格优百分正品喜欢以后就你家了,0.9991397114488088,喜欢
使用感受：只是了一次还OK 应该正品,0.7721658612308785,喜欢
适合肤质：任何我觉得都 混油皮还不错也没有网上说是搓泥或者吸收,0.649766191326729,喜欢
吸收效果：爽肤水完了之后用一个欧莱雅黑精华 然这挺好的也不粘腻,0.9981017225208663,喜欢
保湿效果：不错 第二天也卡粉啥的挺好,0.9654631523304398,喜欢
其他特色：瓶身高大上 希望对我法令纹有效果啊,0.9913336542289729,喜欢
还可以的这款精华，要持续用才能有效果,0.8037260602296761,喜欢
使用感受：不知道为啥，觉很黏以前买的吸收好这个有点那么还容易搓泥,0.005154532113535559,不喜欢
疫情期间断货了，只能网上买和家里的一样是正品客服务热赞个。,0.0443940156635968,不喜欢
使用感受：已经过才来评价的，觉是正品因为之前我有买假货一就能出上脸不舒服易吸收以后可再,0.5496591312657356,一般
不错，除了物流真的慢寄10天收到后检查都没问题是正品已用味道常可能版本感觉会比中国75ml那种淡一点浓稠度差多。如果还这个价格回购,0.13626653357611396,不喜欢
听说这个牌子眼霜最好用，自己犹豫了许久才下单回来一星期效果明显改善比之前的其他吸收快支持哦！,0.9883065755069387,喜欢
